{
    "restaurant": [
        {
            "type": "Restaurant",
            "name": "Pizza Express Pizzeria",
            "address": "Pizza Express Pizzeria, Strand, Westminster WC2R 0RG, United Kingdom",
            "postcode": "WC2R 0RG",
            "distance": "30m"
        },
        {
            "type": "Restaurant",
            "name": "Tandoor Chop House",
            "address": "Tandoor Chop House, 8 Adelaide Street, Westminster WC2, United Kingdom",
            "postcode": "WC2",
            "distance": "68m"
        },
        {
            "type": "Restaurant",
            "name": "Tortilla",
            "address": "Tortilla, 460 Strand, Westminster WC2R 0RG, United Kingdom",
            "postcode": "WC2R 0RG",
            "distance": "70m"
        },
        {
            "type": "Restaurant",
            "name": "The Strand dining rooms",
            "address": "The Strand dining rooms, 1 Strand, Westminster WC2, United Kingdom",
            "postcode": "WC2",
            "distance": "100m"
        },
        {
            "type": "Restaurant",
            "name": "Terroirs",
            "address": "Terroirs, 5 William IV Street, Westminster WC2N 4DW, United Kingdom",
            "postcode": "WC2N 4DW",
            "distance": "102m"
        },
        {
            "type": "Restaurant",
            "name": "Lupita",
            "address": "Lupita, 13-15 Villiers Street, Westminster WC2N 6ND, United Kingdom",
            "postcode": "WC2N 6ND",
            "distance": "105m"
        },
        {
            "type": "Restaurant",
            "name": "Hazuki",
            "address": "Hazuki, 43 Chandos Place, Westminster WC2N 4HS, United Kingdom",
            "postcode": "WC2N 4HS",
            "distance": "120m"
        },
        {
            "type": "Restaurant",
            "name": "Rosetta",
            "address": "Rosetta, William IV Street, Westminster WC2, United Kingdom",
            "postcode": "WC2",
            "distance": "122m"
        },
        {
            "type": "Restaurant",
            "name": "L'Ulivo",
            "address": "L'Ulivo, 21-23 Villiers Street, Westminster WC2N 6ND, United Kingdom",
            "postcode": "WC2N 6ND",
            "distance": "124m"
        }
    ],
    "tourism": [
        {
            "type": "Tourism",
            "name": "St Martin-in-the-Fields",
            "address": "St Martin-in-the-Fields, Trafalgar Square, Westminster WC2N 4JH, United Kingdom",
            "postcode": "WC2N 4JH",
            "distance": "46m"
        },
        {
            "type": "Tourism",
            "name": "Benjamin Franklin",
            "address": "Benjamin Franklin, 36 Craven Street, Westminster WC2N 5NS, United Kingdom",
            "postcode": "WC2N 5NS",
            "distance": "115m"
        },
        {
            "type": "Tourism",
            "name": "Trafalgar Square",
            "address": "Trafalgar Square, Trafalgar Square, Westminster WC2, United Kingdom",
            "postcode": "WC2",
            "distance": "117m"
        },
        {
            "type": "Tourism",
            "name": "Strand Gallery",
            "address": "Strand Gallery, John Adam Street, Westminster WC2N 6HU, United Kingdom",
            "postcode": "WC2N 6HU",
            "distance": "117m"
        },
        {
            "type": "Tourism",
            "name": "National Gallery",
            "address": "National Gallery, Trafalgar Square, Westminster WC2N 5DN, United Kingdom",
            "postcode": "WC2N 5DN",
            "distance": "118m"
        },
        {
            "type": "Tourism",
            "name": "Police box",
            "address": "St. James's, Westminster, United Kingdom",
            "postcode": null,
            "distance": "124m"
        },
        {
            "type": "Tourism",
            "name": "George IV",
            "address": "George IV, Trafalgar Square, Westminster WC2, United Kingdom",
            "postcode": "WC2",
            "distance": "127m"
        },
        {
            "type": "Tourism",
            "name": "George Washington",
            "address": "George Washington, Trafalgar Square, Westminster WC2, United Kingdom",
            "postcode": "WC2",
            "distance": "130m"
        },
        {
            "type": "Tourism",
            "name": "Henry Havelock",
            "address": "Henry Havelock, Trafalgar Square, Westminster WC2, United Kingdom",
            "postcode": "WC2",
            "distance": "132m"
        },
        {
            "type": "Tourism",
            "name": null,
            "address": "St. James's, Westminster, United Kingdom",
            "postcode": null,
            "distance": "132m"
        }
    ],
    "supermarket": [
        {
            "type": "Supermarket",
            "name": "Jumbo",
            "address": "Jumbo, The Arches, Westminster WC2N 6NG, United Kingdom",
            "postcode": "WC2N 6NG",
            "distance": "125m"
        }
    ]
}