{
    "restaurant": [
        {
            "type": "restaurant",
            "name": "Pizza Express Pizzeria",
            "address": "Strand, Westminster WC2R 0RG, United Kingdom",
            "postcode": "WC2R 0RG",
            "distance": "30m"
        },
        {
            "type": "restaurant",
            "name": "Tandoor Chop House",
            "address": "8 Adelaide Street, Westminster WC2, United Kingdom",
            "postcode": "WC2",
            "distance": "68m"
        },
        {
            "type": "restaurant",
            "name": "Tortilla",
            "address": "460 Strand, Westminster WC2R 0RG, United Kingdom",
            "postcode": "WC2R 0RG",
            "distance": "70m"
        },
        {
            "type": "restaurant",
            "name": "The Strand dining rooms",
            "address": "1 Strand, Westminster WC2, United Kingdom",
            "postcode": "WC2",
            "distance": "100m"
        },
        {
            "type": "restaurant",
            "name": "Terroirs",
            "address": "5 William IV Street, Westminster WC2N 4DW, United Kingdom",
            "postcode": "WC2N 4DW",
            "distance": "102m"
        },
        {
            "type": "restaurant",
            "name": "Lupita",
            "address": "13-15 Villiers Street, Westminster WC2N 6ND, United Kingdom",
            "postcode": "WC2N 6ND",
            "distance": "105m"
        },
        {
            "type": "restaurant",
            "name": "Hazuki",
            "address": "43 Chandos Place, Westminster WC2N 4HS, United Kingdom",
            "postcode": "WC2N 4HS",
            "distance": "120m"
        },
        {
            "type": "restaurant",
            "name": "Rosetta",
            "address": "William IV Street, Westminster WC2, United Kingdom",
            "postcode": "WC2",
            "distance": "122m"
        },
        {
            "type": "restaurant",
            "name": "L'Ulivo",
            "address": "21-23 Villiers Street, Westminster WC2N 6ND, United Kingdom",
            "postcode": "WC2N 6ND",
            "distance": "124m"
        }
    ],
    "tourism": [
        {
            "type": "tourism",
            "name": "St Martin-in-the-Fields",
            "address": "Trafalgar Square, Westminster WC2N 4JH, United Kingdom",
            "postcode": "WC2N 4JH",
            "distance": "46m"
        },
        {
            "type": "tourism",
            "name": "Benjamin Franklin",
            "address": "36 Craven Street, Westminster WC2N 5NS, United Kingdom",
            "postcode": "WC2N 5NS",
            "distance": "115m"
        },
        {
            "type": "tourism",
            "name": "Trafalgar Square",
            "address": "Trafalgar Square, Westminster WC2, United Kingdom",
            "postcode": "WC2",
            "distance": "117m"
        },
        {
            "type": "tourism",
            "name": "Strand Gallery",
            "address": "John Adam Street, Westminster WC2N 6HU, United Kingdom",
            "postcode": "WC2N 6HU",
            "distance": "117m"
        },
        {
            "type": "tourism",
            "name": "National Gallery",
            "address": "Trafalgar Square, Westminster WC2N 5DN, United Kingdom",
            "postcode": "WC2N 5DN",
            "distance": "118m"
        },
        {
            "type": "tourism",
            "name": "Police box",
            "address": "Westminster, United Kingdom",
            "postcode": null,
            "distance": "124m"
        },
        {
            "type": "tourism",
            "name": "George IV",
            "address": "Trafalgar Square, Westminster WC2, United Kingdom",
            "postcode": "WC2",
            "distance": "127m"
        },
        {
            "type": "tourism",
            "name": "George Washington",
            "address": "Trafalgar Square, Westminster WC2, United Kingdom",
            "postcode": "WC2",
            "distance": "130m"
        },
        {
            "type": "tourism",
            "name": "Henry Havelock",
            "address": "Trafalgar Square, Westminster WC2, United Kingdom",
            "postcode": "WC2",
            "distance": "132m"
        },
        {
            "type": "tourism",
            "name": null,
            "address": "Westminster, United Kingdom",
            "postcode": null,
            "distance": "132m"
        }
    ],
    "supermarket": [
        {
            "type": "supermarket",
            "name": "Jumbo",
            "address": "The Arches, Westminster WC2N 6NG, United Kingdom",
            "postcode": "WC2N 6NG",
            "distance": "125m"
        }
    ]
}