{"main":"notification-process-api.raml","name":"Notification Process API","tags":[],"classifier":"raml","dependencies":[{"groupId":"cd5bf5d6-a7c5-40f7-a8db-9f1046bbc2fd","assetId":"mytrains-datatype-library","version":"1.0.7"},{"groupId":"cd5bf5d6-a7c5-40f7-a8db-9f1046bbc2fd","assetId":"locations-data-type-library","version":"1.0.3"}],"groupId":"cd5bf5d6-a7c5-40f7-a8db-9f1046bbc2fd","assetId":"notification-process-api","version":"1.0.6","apiVersion":"v1","originalFormatVersion":"1.0","metadata":{"projectId":"f83cf9ce-fe65-4340-a802-d1cb58aadf60","branchId":"master","commitId":"b20cb7a20140e7761bbdecb725d26bcd2d195108"}}