{
    "expiresAt": "2020-11-27T06:39:22.000Z",
    "status": "SUCCESS",
    "sessionToken": "20111YfTg1ofhpUwrdM4AVhmM5hvOasNzhpbwv4p0f98zmqBKgv6fw_",
    "_embedded": {
        "user": {
            "id": "00u1deo3bwREiofU15d6",
            "passwordChanged": "2020-11-26T03:36:26.000Z",
            "profile": {
                "login": "njclabs.demo@gmail.com",
                "firstName": "NJC",
                "lastName": "Labs",
                "locale": "en",
                "timeZone": "America/Los_Angeles"
            }
        }
    },
    "_links": {
        "cancel": {
            "href": "https://dev-6077134.okta.com/api/v1/authn/cancel",
            "hints": {
                "allow": [
                    "POST"
                ]
            }
        }
    }
}