[{
            "date": "2020-11-26",
            "areaName": "England",
            "areaCode": "E92000001",
            "newCasesByPublishDate": 14637,
            "cumCasesByPublishDate": 1355272,
            "newDeathsByDeathDate": null,
            "cumDeathsByDeathDate": null
        },
        {
            "date": "2020-11-25",
            "areaName": "England",
            "areaCode": "E92000001",
            "newCasesByPublishDate": 15893,
            "cumCasesByPublishDate": 1340635,
            "newDeathsByDeathDate": 133,
            "cumDeathsByDeathDate": 60243
        },
        {
            "date": "2020-11-24",
            "areaName": "England",
            "areaCode": "E92000001",
            "newCasesByPublishDate": 9854,
            "cumCasesByPublishDate": 1324742,
            "newDeathsByDeathDate": 323,
            "cumDeathsByDeathDate": 60110
        },
        {
            "date": "2020-11-23",
            "areaName": "England",
            "areaCode": "E92000001",
            "newCasesByPublishDate": 13329,
            "cumCasesByPublishDate": 1314888,
            "newDeathsByDeathDate": 383,
            "cumDeathsByDeathDate": 59787
        },
        {
            "date": "2020-11-22",
            "areaName": "England",
            "areaCode": "E92000001",
            "newCasesByPublishDate": 16668,
            "cumCasesByPublishDate": 1301559,
            "newDeathsByDeathDate": 414,
            "cumDeathsByDeathDate": 59404
        },
        {
            "date": "2020-11-21",
            "areaName": "England",
            "areaCode": "E92000001",
            "newCasesByPublishDate": 17615,
            "cumCasesByPublishDate": 1284891,
            "newDeathsByDeathDate": 366,
            "cumDeathsByDeathDate": 58990
        },
        {
            "date": "2020-11-20",
            "areaName": "England",
            "areaCode": "E92000001",
            "newCasesByPublishDate": 17845,
            "cumCasesByPublishDate": 1267276,
            "newDeathsByDeathDate": 407,
            "cumDeathsByDeathDate": 58624
        },
        {
            "date": "2020-11-19",
            "areaName": "England",
            "areaCode": "E92000001",
            "newCasesByPublishDate": 20291,
            "cumCasesByPublishDate": 1249431,
            "newDeathsByDeathDate": 407,
            "cumDeathsByDeathDate": 58217
        },
        {
            "date": "2020-11-18",
            "areaName": "England",
            "areaCode": "E92000001",
            "newCasesByPublishDate": 17189,
            "cumCasesByPublishDate": 1229140,
            "newDeathsByDeathDate": 453,
            "cumDeathsByDeathDate": 57810
        },
        {
            "date": "2020-11-17",
            "areaName": "England",
            "areaCode": "E92000001",
            "newCasesByPublishDate": 17549,
            "cumCasesByPublishDate": 1211951,
            "newDeathsByDeathDate": 411,
            "cumDeathsByDeathDate": 57357
        },
        {
            "date": "2020-11-16",
            "areaName": "England",
            "areaCode": "E92000001",
            "newCasesByPublishDate": 19423,
            "cumCasesByPublishDate": 1194402,
            "newDeathsByDeathDate": 387,
            "cumDeathsByDeathDate": 56946
        },
        {
            "date": "2020-11-15",
            "areaName": "England",
            "areaCode": "E92000001",
            "newCasesByPublishDate": 21998,
            "cumCasesByPublishDate": 1174979,
            "newDeathsByDeathDate": 400,
            "cumDeathsByDeathDate": 56559
        },
        {
            "date": "2020-11-14",
            "areaName": "England",
            "areaCode": "E92000001",
            "newCasesByPublishDate": 24298,
            "cumCasesByPublishDate": 1152981,
            "newDeathsByDeathDate": 404,
            "cumDeathsByDeathDate": 56159
        },
        {
            "date": "2020-11-13",
            "areaName": "England",
            "areaCode": "E92000001",
            "newCasesByPublishDate": 24540,
            "cumCasesByPublishDate": 1128683,
            "newDeathsByDeathDate": 390,
            "cumDeathsByDeathDate": 55755
        },
        {
            "date": "2020-11-12",
            "areaName": "England",
            "areaCode": "E92000001",
            "newCasesByPublishDate": 30843,
            "cumCasesByPublishDate": 1104143,
            "newDeathsByDeathDate": 402,
            "cumDeathsByDeathDate": 55365
        },
        {
            "date": "2020-11-11",
            "areaName": "England",
            "areaCode": "E92000001",
            "newCasesByPublishDate": 19970,
            "cumCasesByPublishDate": 1073300,
            "newDeathsByDeathDate": 367,
            "cumDeathsByDeathDate": 54963
        },
        {
            "date": "2020-11-10",
            "areaName": "England",
            "areaCode": "E92000001",
            "newCasesByPublishDate": 18622,
            "cumCasesByPublishDate": 1053330,
            "newDeathsByDeathDate": 359,
            "cumDeathsByDeathDate": 54596
        },
        {
            "date": "2020-11-09",
            "areaName": "England",
            "areaCode": "E92000001",
            "newCasesByPublishDate": 19036,
            "cumCasesByPublishDate": 1034708,
            "newDeathsByDeathDate": 472,
            "cumDeathsByDeathDate": 54237
        },
        {
            "date": "2020-11-08",
            "areaName": "England",
            "areaCode": "E92000001",
            "newCasesByPublishDate": 18293,
            "cumCasesByPublishDate": 1015672,
            "newDeathsByDeathDate": 388,
            "cumDeathsByDeathDate": 53765
        },
        {
            "date": "2020-11-07",
            "areaName": "England",
            "areaCode": "E92000001",
            "newCasesByPublishDate": 21875,
            "cumCasesByPublishDate": 997379,
            "newDeathsByDeathDate": 381,
            "cumDeathsByDeathDate": 53377
        },
        {
            "date": "2020-11-06",
            "areaName": "England",
            "areaCode": "E92000001",
            "newCasesByPublishDate": 20268,
            "cumCasesByPublishDate": 975504,
            "newDeathsByDeathDate": 373,
            "cumDeathsByDeathDate": 52996
        },
        {
            "date": "2020-11-05",
            "areaName": "England",
            "areaCode": "E92000001",
            "newCasesByPublishDate": 21137,
            "cumCasesByPublishDate": 955236,
            "newDeathsByDeathDate": 366,
            "cumDeathsByDeathDate": 52623
        },
        {
            "date": "2020-11-04",
            "areaName": "England",
            "areaCode": "E92000001",
            "newCasesByPublishDate": 21863,
            "cumCasesByPublishDate": 934099,
            "newDeathsByDeathDate": 317,
            "cumDeathsByDeathDate": 52257
        },
        {
            "date": "2020-11-03",
            "areaName": "England",
            "areaCode": "E92000001",
            "newCasesByPublishDate": 17330,
            "cumCasesByPublishDate": 912236,
            "newDeathsByDeathDate": 336,
            "cumDeathsByDeathDate": 51940
        },
        {
            "date": "2020-11-02",
            "areaName": "England",
            "areaCode": "E92000001",
            "newCasesByPublishDate": 15860,
            "cumCasesByPublishDate": 894906,
            "newDeathsByDeathDate": 320,
            "cumDeathsByDeathDate": 51604
        },
        {
            "date": "2020-11-01",
            "areaName": "England",
            "areaCode": "E92000001",
            "newCasesByPublishDate": 20602,
            "cumCasesByPublishDate": 879046,
            "newDeathsByDeathDate": 322,
            "cumDeathsByDeathDate": 51284
        },
        {
            "date": "2020-10-31",
            "areaName": "England",
            "areaCode": "E92000001",
            "newCasesByPublishDate": 18864,
            "cumCasesByPublishDate": 858444,
            "newDeathsByDeathDate": 322,
            "cumDeathsByDeathDate": 50962
        },
        {
            "date": "2020-10-30",
            "areaName": "England",
            "areaCode": "E92000001",
            "newCasesByPublishDate": 20821,
            "cumCasesByPublishDate": 839580,
            "newDeathsByDeathDate": 330,
            "cumDeathsByDeathDate": 50640
        },
        {
            "date": "2020-10-29",
            "areaName": "England",
            "areaCode": "E92000001",
            "newCasesByPublishDate": 19740,
            "cumCasesByPublishDate": 818759,
            "newDeathsByDeathDate": 292,
            "cumDeathsByDeathDate": 50310
        },
        {
            "date": "2020-10-28",
            "areaName": "England",
            "areaCode": "E92000001",
            "newCasesByPublishDate": 21245,
            "cumCasesByPublishDate": 799019,
            "newDeathsByDeathDate": 271,
            "cumDeathsByDeathDate": 50018
        },
        {
            "date": "2020-10-27",
            "areaName": "England",
            "areaCode": "E92000001",
            "newCasesByPublishDate": 19629,
            "cumCasesByPublishDate": 777774,
            "newDeathsByDeathDate": 261,
            "cumDeathsByDeathDate": 49747
        },
        {
            "date": "2020-10-26",
            "areaName": "England",
            "areaCode": "E92000001",
            "newCasesByPublishDate": 17883,
            "cumCasesByPublishDate": 758145,
            "newDeathsByDeathDate": 259,
            "cumDeathsByDeathDate": 49486
        },
        {
            "date": "2020-10-25",
            "areaName": "England",
            "areaCode": "E92000001",
            "newCasesByPublishDate": 16487,
            "cumCasesByPublishDate": 740262,
            "newDeathsByDeathDate": 239,
            "cumDeathsByDeathDate": 49227
        },
        {
            "date": "2020-10-24",
            "areaName": "England",
            "areaCode": "E92000001",
            "newCasesByPublishDate": 19332,
            "cumCasesByPublishDate": 723775,
            "newDeathsByDeathDate": 223,
            "cumDeathsByDeathDate": 48988
        },
        {
            "date": "2020-10-23",
            "areaName": "England",
            "areaCode": "E92000001",
            "newCasesByPublishDate": 17116,
            "cumCasesByPublishDate": 704443,
            "newDeathsByDeathDate": 242,
            "cumDeathsByDeathDate": 48765
        },
        {
            "date": "2020-10-22",
            "areaName": "England",
            "areaCode": "E92000001",
            "newCasesByPublishDate": 17354,
            "cumCasesByPublishDate": 687327,
            "newDeathsByDeathDate": 233,
            "cumDeathsByDeathDate": 48523
        },
        {
            "date": "2020-10-21",
            "areaName": "England",
            "areaCode": "E92000001",
            "newCasesByPublishDate": 22948,
            "cumCasesByPublishDate": 669973,
            "newDeathsByDeathDate": 248,
            "cumDeathsByDeathDate": 48290
        },
        {
            "date": "2020-10-20",
            "areaName": "England",
            "areaCode": "E92000001",
            "newCasesByPublishDate": 17814,
            "cumCasesByPublishDate": 647025,
            "newDeathsByDeathDate": 225,
            "cumDeathsByDeathDate": 48042
        },
        {
            "date": "2020-10-19",
            "areaName": "England",
            "areaCode": "E92000001",
            "newCasesByPublishDate": 16365,
            "cumCasesByPublishDate": 629211,
            "newDeathsByDeathDate": 196,
            "cumDeathsByDeathDate": 47817
        },
        {
            "date": "2020-10-18",
            "areaName": "England",
            "areaCode": "E92000001",
            "newCasesByPublishDate": 14704,
            "cumCasesByPublishDate": 612846,
            "newDeathsByDeathDate": 149,
            "cumDeathsByDeathDate": 47621
        },
        {
            "date": "2020-10-17",
            "areaName": "England",
            "areaCode": "E92000001",
            "newCasesByPublishDate": 13299,
            "cumCasesByPublishDate": 598142,
            "newDeathsByDeathDate": 199,
            "cumDeathsByDeathDate": 47472
        },
        {
            "date": "2020-10-16",
            "areaName": "England",
            "areaCode": "E92000001",
            "newCasesByPublishDate": 12176,
            "cumCasesByPublishDate": 584843,
            "newDeathsByDeathDate": 162,
            "cumDeathsByDeathDate": 47273
        },
        {
            "date": "2020-10-15",
            "areaName": "England",
            "areaCode": "E92000001",
            "newCasesByPublishDate": 16139,
            "cumCasesByPublishDate": 572667,
            "newDeathsByDeathDate": 159,
            "cumDeathsByDeathDate": 47111
        },
        {
            "date": "2020-10-14",
            "areaName": "England",
            "areaCode": "E92000001",
            "newCasesByPublishDate": 16132,
            "cumCasesByPublishDate": 556528,
            "newDeathsByDeathDate": 137,
            "cumDeathsByDeathDate": 46952
        },
        {
            "date": "2020-10-13",
            "areaName": "England",
            "areaCode": "E92000001",
            "newCasesByPublishDate": 14310,
            "cumCasesByPublishDate": 540396,
            "newDeathsByDeathDate": 134,
            "cumDeathsByDeathDate": 46815
        },
        {
            "date": "2020-10-12",
            "areaName": "England",
            "areaCode": "E92000001",
            "newCasesByPublishDate": 11647,
            "cumCasesByPublishDate": 526086,
            "newDeathsByDeathDate": 131,
            "cumDeathsByDeathDate": 46681
        },
        {
            "date": "2020-10-11",
            "areaName": "England",
            "areaCode": "E92000001",
            "newCasesByPublishDate": 10383,
            "cumCasesByPublishDate": 514439,
            "newDeathsByDeathDate": 142,
            "cumDeathsByDeathDate": 46550
        },
        {
            "date": "2020-10-10",
            "areaName": "England",
            "areaCode": "E92000001",
            "newCasesByPublishDate": 12628,
            "cumCasesByPublishDate": 504056,
            "newDeathsByDeathDate": 121,
            "cumDeathsByDeathDate": 46408
        },
        {
            "date": "2020-10-09",
            "areaName": "England",
            "areaCode": "E92000001",
            "newCasesByPublishDate": 10772,
            "cumCasesByPublishDate": 491428,
            "newDeathsByDeathDate": 110,
            "cumDeathsByDeathDate": 46287
        },
        {
            "date": "2020-10-08",
            "areaName": "England",
            "areaCode": "E92000001",
            "newCasesByPublishDate": 14952,
            "cumCasesByPublishDate": 480656,
            "newDeathsByDeathDate": 111,
            "cumDeathsByDeathDate": 46177
        },
        {
            "date": "2020-10-07",
            "areaName": "England",
            "areaCode": "E92000001",
            "newCasesByPublishDate": 11528,
            "cumCasesByPublishDate": 465704,
            "newDeathsByDeathDate": 119,
            "cumDeathsByDeathDate": 46066
        },
        {
            "date": "2020-10-06",
            "areaName": "England",
            "areaCode": "E92000001",
            "newCasesByPublishDate": 12648,
            "cumCasesByPublishDate": 454176,
            "newDeathsByDeathDate": 104,
            "cumDeathsByDeathDate": 45947
        },
        {
            "date": "2020-10-05",
            "areaName": "England",
            "areaCode": "E92000001",
            "newCasesByPublishDate": 10685,
            "cumCasesByPublishDate": 441528,
            "newDeathsByDeathDate": 103,
            "cumDeathsByDeathDate": 45843
        },
        {
            "date": "2020-10-04",
            "areaName": "England",
            "areaCode": "E92000001",
            "newCasesByPublishDate": 21309,
            "cumCasesByPublishDate": 430843,
            "newDeathsByDeathDate": 87,
            "cumDeathsByDeathDate": 45740
        },
        {
            "date": "2020-10-03",
            "areaName": "England",
            "areaCode": "E92000001",
            "newCasesByPublishDate": 10806,
            "cumCasesByPublishDate": 409534,
            "newDeathsByDeathDate": 104,
            "cumDeathsByDeathDate": 45653
        },
        {
            "date": "2020-10-02",
            "areaName": "England",
            "areaCode": "E92000001",
            "newCasesByPublishDate": 4797,
            "cumCasesByPublishDate": 398728,
            "newDeathsByDeathDate": 105,
            "cumDeathsByDeathDate": 45549
        },
        {
            "date": "2020-10-01",
            "areaName": "England",
            "areaCode": "E92000001",
            "newCasesByPublishDate": 5589,
            "cumCasesByPublishDate": 393931,
            "newDeathsByDeathDate": 107,
            "cumDeathsByDeathDate": 45444
        },
        {
            "date": "2020-09-30",
            "areaName": "England",
            "areaCode": "E92000001",
            "newCasesByPublishDate": 5656,
            "cumCasesByPublishDate": 388342,
            "newDeathsByDeathDate": 95,
            "cumDeathsByDeathDate": 45337
        },
        {
            "date": "2020-09-29",
            "areaName": "England",
            "areaCode": "E92000001",
            "newCasesByPublishDate": 5651,
            "cumCasesByPublishDate": 382686,
            "newDeathsByDeathDate": 74,
            "cumDeathsByDeathDate": 45242
        },
        {
            "date": "2020-09-28",
            "areaName": "England",
            "areaCode": "E92000001",
            "newCasesByPublishDate": 3316,
            "cumCasesByPublishDate": 377035,
            "newDeathsByDeathDate": 97,
            "cumDeathsByDeathDate": 45168
        },
        {
            "date": "2020-09-27",
            "areaName": "England",
            "areaCode": "E92000001",
            "newCasesByPublishDate": 4800,
            "cumCasesByPublishDate": 373719,
            "newDeathsByDeathDate": 93,
            "cumDeathsByDeathDate": 45071
        },
        {
            "date": "2020-09-26",
            "areaName": "England",
            "areaCode": "E92000001",
            "newCasesByPublishDate": 4639,
            "cumCasesByPublishDate": 368919,
            "newDeathsByDeathDate": 70,
            "cumDeathsByDeathDate": 44978
        },
        {
            "date": "2020-09-25",
            "areaName": "England",
            "areaCode": "E92000001",
            "newCasesByPublishDate": 5723,
            "cumCasesByPublishDate": 364280,
            "newDeathsByDeathDate": 69,
            "cumDeathsByDeathDate": 44908
        },
        {
            "date": "2020-09-24",
            "areaName": "England",
            "areaCode": "E92000001",
            "newCasesByPublishDate": 5632,
            "cumCasesByPublishDate": 358557,
            "newDeathsByDeathDate": 73,
            "cumDeathsByDeathDate": 44839
        },
        {
            "date": "2020-09-23",
            "areaName": "England",
            "areaCode": "E92000001",
            "newCasesByPublishDate": 5083,
            "cumCasesByPublishDate": 352925,
            "newDeathsByDeathDate": 92,
            "cumDeathsByDeathDate": 44766
        },
        {
            "date": "2020-09-22",
            "areaName": "England",
            "areaCode": "E92000001",
            "newCasesByPublishDate": 4187,
            "cumCasesByPublishDate": 347842,
            "newDeathsByDeathDate": 79,
            "cumDeathsByDeathDate": 44674
        },
        {
            "date": "2020-09-21",
            "areaName": "England",
            "areaCode": "E92000001",
            "newCasesByPublishDate": 3754,
            "cumCasesByPublishDate": 343655,
            "newDeathsByDeathDate": 68,
            "cumDeathsByDeathDate": 44595
        },
        {
            "date": "2020-09-20",
            "areaName": "England",
            "areaCode": "E92000001",
            "newCasesByPublishDate": 3279,
            "cumCasesByPublishDate": 339901,
            "newDeathsByDeathDate": 71,
            "cumDeathsByDeathDate": 44527
        },
        {
            "date": "2020-09-19",
            "areaName": "England",
            "areaCode": "E92000001",
            "newCasesByPublishDate": 3638,
            "cumCasesByPublishDate": 336622,
            "newDeathsByDeathDate": 58,
            "cumDeathsByDeathDate": 44456
        },
        {
            "date": "2020-09-18",
            "areaName": "England",
            "areaCode": "E92000001",
            "newCasesByPublishDate": 3771,
            "cumCasesByPublishDate": 332984,
            "newDeathsByDeathDate": 66,
            "cumDeathsByDeathDate": 44398
        },
        {
            "date": "2020-09-17",
            "areaName": "England",
            "areaCode": "E92000001",
            "newCasesByPublishDate": 2788,
            "cumCasesByPublishDate": 329213,
            "newDeathsByDeathDate": 62,
            "cumDeathsByDeathDate": 44332
        },
        {
            "date": "2020-09-16",
            "areaName": "England",
            "areaCode": "E92000001",
            "newCasesByPublishDate": 3396,
            "cumCasesByPublishDate": 326425,
            "newDeathsByDeathDate": 62,
            "cumDeathsByDeathDate": 44270
        },
        {
            "date": "2020-09-15",
            "areaName": "England",
            "areaCode": "E92000001",
            "newCasesByPublishDate": 2649,
            "cumCasesByPublishDate": 323029,
            "newDeathsByDeathDate": 70,
            "cumDeathsByDeathDate": 44208
        },
        {
            "date": "2020-09-14",
            "areaName": "England",
            "areaCode": "E92000001",
            "newCasesByPublishDate": 2259,
            "cumCasesByPublishDate": 320380,
            "newDeathsByDeathDate": 59,
            "cumDeathsByDeathDate": 44138
        },
        {
            "date": "2020-09-13",
            "areaName": "England",
            "areaCode": "E92000001",
            "newCasesByPublishDate": 2837,
            "cumCasesByPublishDate": 318121,
            "newDeathsByDeathDate": 55,
            "cumDeathsByDeathDate": 44079
        },
        {
            "date": "2020-09-12",
            "areaName": "England",
            "areaCode": "E92000001",
            "newCasesByPublishDate": 3008,
            "cumCasesByPublishDate": 315284,
            "newDeathsByDeathDate": 57,
            "cumDeathsByDeathDate": 44024
        },
        {
            "date": "2020-09-11",
            "areaName": "England",
            "areaCode": "E92000001",
            "newCasesByPublishDate": 3143,
            "cumCasesByPublishDate": 312276,
            "newDeathsByDeathDate": 40,
            "cumDeathsByDeathDate": 43967
        },
        {
            "date": "2020-09-10",
            "areaName": "England",
            "areaCode": "E92000001",
            "newCasesByPublishDate": 2578,
            "cumCasesByPublishDate": 309133,
            "newDeathsByDeathDate": 40,
            "cumDeathsByDeathDate": 43927
        },
        {
            "date": "2020-09-09",
            "areaName": "England",
            "areaCode": "E92000001",
            "newCasesByPublishDate": 2286,
            "cumCasesByPublishDate": 306555,
            "newDeathsByDeathDate": 51,
            "cumDeathsByDeathDate": 43887
        },
        {
            "date": "2020-09-08",
            "areaName": "England",
            "areaCode": "E92000001",
            "newCasesByPublishDate": 2094,
            "cumCasesByPublishDate": 304269,
            "newDeathsByDeathDate": 57,
            "cumDeathsByDeathDate": 43836
        },
        {
            "date": "2020-09-07",
            "areaName": "England",
            "areaCode": "E92000001",
            "newCasesByPublishDate": 2528,
            "cumCasesByPublishDate": 302175,
            "newDeathsByDeathDate": 51,
            "cumDeathsByDeathDate": 43779
        },
        {
            "date": "2020-09-06",
            "areaName": "England",
            "areaCode": "E92000001",
            "newCasesByPublishDate": 2576,
            "cumCasesByPublishDate": 299647,
            "newDeathsByDeathDate": 52,
            "cumDeathsByDeathDate": 43728
        },
        {
            "date": "2020-09-05",
            "areaName": "England",
            "areaCode": "E92000001",
            "newCasesByPublishDate": 1477,
            "cumCasesByPublishDate": 297071,
            "newDeathsByDeathDate": 70,
            "cumDeathsByDeathDate": 43676
        },
        {
            "date": "2020-09-04",
            "areaName": "England",
            "areaCode": "E92000001",
            "newCasesByPublishDate": 1669,
            "cumCasesByPublishDate": 295594,
            "newDeathsByDeathDate": 58,
            "cumDeathsByDeathDate": 43606
        },
        {
            "date": "2020-09-03",
            "areaName": "England",
            "areaCode": "E92000001",
            "newCasesByPublishDate": 1507,
            "cumCasesByPublishDate": 293925,
            "newDeathsByDeathDate": 50,
            "cumDeathsByDeathDate": 43548
        },
        {
            "date": "2020-09-02",
            "areaName": "England",
            "areaCode": "E92000001",
            "newCasesByPublishDate": 1239,
            "cumCasesByPublishDate": 292418,
            "newDeathsByDeathDate": 44,
            "cumDeathsByDeathDate": 43498
        },
        {
            "date": "2020-09-01",
            "areaName": "England",
            "areaCode": "E92000001",
            "newCasesByPublishDate": 1041,
            "cumCasesByPublishDate": 291179,
            "newDeathsByDeathDate": 55,
            "cumDeathsByDeathDate": 43454
        },
        {
            "date": "2020-08-31",
            "areaName": "England",
            "areaCode": "E92000001",
            "newCasesByPublishDate": 1149,
            "cumCasesByPublishDate": 290138,
            "newDeathsByDeathDate": 62,
            "cumDeathsByDeathDate": 43399
        },
        {
            "date": "2020-08-30",
            "areaName": "England",
            "areaCode": "E92000001",
            "newCasesByPublishDate": 1487,
            "cumCasesByPublishDate": 288989,
            "newDeathsByDeathDate": 35,
            "cumDeathsByDeathDate": 43337
        },
        {
            "date": "2020-08-29",
            "areaName": "England",
            "areaCode": "E92000001",
            "newCasesByPublishDate": 891,
            "cumCasesByPublishDate": 287502,
            "newDeathsByDeathDate": 42,
            "cumDeathsByDeathDate": 43302
        },
        {
            "date": "2020-08-28",
            "areaName": "England",
            "areaCode": "E92000001",
            "newCasesByPublishDate": 1106,
            "cumCasesByPublishDate": 286611,
            "newDeathsByDeathDate": 48,
            "cumDeathsByDeathDate": 43260
        },
        {
            "date": "2020-08-27",
            "areaName": "England",
            "areaCode": "E92000001",
            "newCasesByPublishDate": 1350,
            "cumCasesByPublishDate": 285505,
            "newDeathsByDeathDate": 45,
            "cumDeathsByDeathDate": 43212
        },
        {
            "date": "2020-08-26",
            "areaName": "England",
            "areaCode": "E92000001",
            "newCasesByPublishDate": 875,
            "cumCasesByPublishDate": 284155,
            "newDeathsByDeathDate": 56,
            "cumDeathsByDeathDate": 43167
        },
        {
            "date": "2020-08-25",
            "areaName": "England",
            "areaCode": "E92000001",
            "newCasesByPublishDate": 1065,
            "cumCasesByPublishDate": 283280,
            "newDeathsByDeathDate": 58,
            "cumDeathsByDeathDate": 43111
        },
        {
            "date": "2020-08-24",
            "areaName": "England",
            "areaCode": "E92000001",
            "newCasesByPublishDate": 758,
            "cumCasesByPublishDate": 282215,
            "newDeathsByDeathDate": 42,
            "cumDeathsByDeathDate": 43053
        },
        {
            "date": "2020-08-23",
            "areaName": "England",
            "areaCode": "E92000001",
            "newCasesByPublishDate": 938,
            "cumCasesByPublishDate": 281457,
            "newDeathsByDeathDate": 52,
            "cumDeathsByDeathDate": 43011
        },
        {
            "date": "2020-08-22",
            "areaName": "England",
            "areaCode": "E92000001",
            "newCasesByPublishDate": 1060,
            "cumCasesByPublishDate": 280519,
            "newDeathsByDeathDate": 43,
            "cumDeathsByDeathDate": 42959
        },
        {
            "date": "2020-08-21",
            "areaName": "England",
            "areaCode": "E92000001",
            "newCasesByPublishDate": 908,
            "cumCasesByPublishDate": 279459,
            "newDeathsByDeathDate": 39,
            "cumDeathsByDeathDate": 42916
        },
        {
            "date": "2020-08-20",
            "areaName": "England",
            "areaCode": "E92000001",
            "newCasesByPublishDate": 1035,
            "cumCasesByPublishDate": 278551,
            "newDeathsByDeathDate": 56,
            "cumDeathsByDeathDate": 42877
        },
        {
            "date": "2020-08-19",
            "areaName": "England",
            "areaCode": "E92000001",
            "newCasesByPublishDate": 707,
            "cumCasesByPublishDate": 277516,
            "newDeathsByDeathDate": 52,
            "cumDeathsByDeathDate": 42821
        },
        {
            "date": "2020-08-18",
            "areaName": "England",
            "areaCode": "E92000001",
            "newCasesByPublishDate": 975,
            "cumCasesByPublishDate": 276809,
            "newDeathsByDeathDate": 46,
            "cumDeathsByDeathDate": 42769
        },
        {
            "date": "2020-08-17",
            "areaName": "England",
            "areaCode": "E92000001",
            "newCasesByPublishDate": 634,
            "cumCasesByPublishDate": 275834,
            "newDeathsByDeathDate": 53,
            "cumDeathsByDeathDate": 42723
        },
        {
            "date": "2020-08-16",
            "areaName": "England",
            "areaCode": "E92000001",
            "newCasesByPublishDate": 952,
            "cumCasesByPublishDate": 275200,
            "newDeathsByDeathDate": 47,
            "cumDeathsByDeathDate": 42670
        },
        {
            "date": "2020-08-15",
            "areaName": "England",
            "areaCode": "E92000001",
            "newCasesByPublishDate": 934,
            "cumCasesByPublishDate": 274248,
            "newDeathsByDeathDate": 75,
            "cumDeathsByDeathDate": 42623
        },
        {
            "date": "2020-08-14",
            "areaName": "England",
            "areaCode": "E92000001",
            "newCasesByPublishDate": 1284,
            "cumCasesByPublishDate": 273314,
            "newDeathsByDeathDate": 52,
            "cumDeathsByDeathDate": 42548
        },
        {
            "date": "2020-08-13",
            "areaName": "England",
            "areaCode": "E92000001",
            "newCasesByPublishDate": 1059,
            "cumCasesByPublishDate": 272030,
            "newDeathsByDeathDate": 65,
            "cumDeathsByDeathDate": 42496
        },
        {
            "date": "2020-08-12",
            "areaName": "England",
            "areaCode": "E92000001",
            "newCasesByPublishDate": 925,
            "cumCasesByPublishDate": 270971,
            "newDeathsByDeathDate": 69,
            "cumDeathsByDeathDate": 42431
        },
        {
            "date": "2020-08-11",
            "areaName": "England",
            "areaCode": "E92000001",
            "newCasesByPublishDate": 1035,
            "cumCasesByPublishDate": 270046,
            "newDeathsByDeathDate": 74,
            "cumDeathsByDeathDate": 42362
        },
        {
            "date": "2020-08-10",
            "areaName": "England",
            "areaCode": "E92000001",
            "newCasesByPublishDate": 699,
            "cumCasesByPublishDate": 269011,
            "newDeathsByDeathDate": 62,
            "cumDeathsByDeathDate": 42288
        },
        {
            "date": "2020-08-09",
            "areaName": "England",
            "areaCode": "E92000001",
            "newCasesByPublishDate": 988,
            "cumCasesByPublishDate": 268312,
            "newDeathsByDeathDate": 60,
            "cumDeathsByDeathDate": 42226
        },
        {
            "date": "2020-08-08",
            "areaName": "England",
            "areaCode": "E92000001",
            "newCasesByPublishDate": 679,
            "cumCasesByPublishDate": 267324,
            "newDeathsByDeathDate": 60,
            "cumDeathsByDeathDate": 42166
        },
        {
            "date": "2020-08-07",
            "areaName": "England",
            "areaCode": "E92000001",
            "newCasesByPublishDate": 796,
            "cumCasesByPublishDate": 266645,
            "newDeathsByDeathDate": 58,
            "cumDeathsByDeathDate": 42106
        },
        {
            "date": "2020-08-06",
            "areaName": "England",
            "areaCode": "E92000001",
            "newCasesByPublishDate": 826,
            "cumCasesByPublishDate": 265849,
            "newDeathsByDeathDate": 56,
            "cumDeathsByDeathDate": 42048
        },
        {
            "date": "2020-08-05",
            "areaName": "England",
            "areaCode": "E92000001",
            "newCasesByPublishDate": 804,
            "cumCasesByPublishDate": 265023,
            "newDeathsByDeathDate": 40,
            "cumDeathsByDeathDate": 41992
        },
        {
            "date": "2020-08-04",
            "areaName": "England",
            "areaCode": "E92000001",
            "newCasesByPublishDate": 617,
            "cumCasesByPublishDate": 264219,
            "newDeathsByDeathDate": 48,
            "cumDeathsByDeathDate": 41952
        },
        {
            "date": "2020-08-03",
            "areaName": "England",
            "areaCode": "E92000001",
            "newCasesByPublishDate": 856,
            "cumCasesByPublishDate": 263602,
            "newDeathsByDeathDate": 50,
            "cumDeathsByDeathDate": 41904
        },
        {
            "date": "2020-08-02",
            "areaName": "England",
            "areaCode": "E92000001",
            "newCasesByPublishDate": 676,
            "cumCasesByPublishDate": 262746,
            "newDeathsByDeathDate": 52,
            "cumDeathsByDeathDate": 41854
        },
        {
            "date": "2020-08-01",
            "areaName": "England",
            "areaCode": "E92000001",
            "newCasesByPublishDate": 722,
            "cumCasesByPublishDate": 262070,
            "newDeathsByDeathDate": 51,
            "cumDeathsByDeathDate": 41802
        },
        {
            "date": "2020-07-31",
            "areaName": "England",
            "areaCode": "E92000001",
            "newCasesByPublishDate": 814,
            "cumCasesByPublishDate": 261348,
            "newDeathsByDeathDate": 69,
            "cumDeathsByDeathDate": 41751
        },
        {
            "date": "2020-07-30",
            "areaName": "England",
            "areaCode": "E92000001",
            "newCasesByPublishDate": 812,
            "cumCasesByPublishDate": 260534,
            "newDeathsByDeathDate": 45,
            "cumDeathsByDeathDate": 41682
        },
        {
            "date": "2020-07-29",
            "areaName": "England",
            "areaCode": "E92000001",
            "newCasesByPublishDate": 700,
            "cumCasesByPublishDate": 259722,
            "newDeathsByDeathDate": 57,
            "cumDeathsByDeathDate": 41637
        },
        {
            "date": "2020-07-28",
            "areaName": "England",
            "areaCode": "E92000001",
            "newCasesByPublishDate": 547,
            "cumCasesByPublishDate": 259022,
            "newDeathsByDeathDate": 50,
            "cumDeathsByDeathDate": 41580
        },
        {
            "date": "2020-07-27",
            "areaName": "England",
            "areaCode": "E92000001",
            "newCasesByPublishDate": 616,
            "cumCasesByPublishDate": 258475,
            "newDeathsByDeathDate": 51,
            "cumDeathsByDeathDate": 41530
        },
        {
            "date": "2020-07-26",
            "areaName": "England",
            "areaCode": "E92000001",
            "newCasesByPublishDate": 721,
            "cumCasesByPublishDate": 257859,
            "newDeathsByDeathDate": 75,
            "cumDeathsByDeathDate": 41479
        },
        {
            "date": "2020-07-25",
            "areaName": "England",
            "areaCode": "E92000001",
            "newCasesByPublishDate": 710,
            "cumCasesByPublishDate": 257138,
            "newDeathsByDeathDate": 55,
            "cumDeathsByDeathDate": 41404
        },
        {
            "date": "2020-07-24",
            "areaName": "England",
            "areaCode": "E92000001",
            "newCasesByPublishDate": 688,
            "cumCasesByPublishDate": 256428,
            "newDeathsByDeathDate": 43,
            "cumDeathsByDeathDate": 41349
        },
        {
            "date": "2020-07-23",
            "areaName": "England",
            "areaCode": "E92000001",
            "newCasesByPublishDate": 702,
            "cumCasesByPublishDate": 255740,
            "newDeathsByDeathDate": 58,
            "cumDeathsByDeathDate": 41306
        },
        {
            "date": "2020-07-22",
            "areaName": "England",
            "areaCode": "E92000001",
            "newCasesByPublishDate": 519,
            "cumCasesByPublishDate": 255038,
            "newDeathsByDeathDate": 81,
            "cumDeathsByDeathDate": 41248
        },
        {
            "date": "2020-07-21",
            "areaName": "England",
            "areaCode": "E92000001",
            "newCasesByPublishDate": 399,
            "cumCasesByPublishDate": 254519,
            "newDeathsByDeathDate": 62,
            "cumDeathsByDeathDate": 41167
        },
        {
            "date": "2020-07-20",
            "areaName": "England",
            "areaCode": "E92000001",
            "newCasesByPublishDate": 535,
            "cumCasesByPublishDate": 254120,
            "newDeathsByDeathDate": 67,
            "cumDeathsByDeathDate": 41105
        },
        {
            "date": "2020-07-19",
            "areaName": "England",
            "areaCode": "E92000001",
            "newCasesByPublishDate": 672,
            "cumCasesByPublishDate": 253585,
            "newDeathsByDeathDate": 63,
            "cumDeathsByDeathDate": 41038
        },
        {
            "date": "2020-07-18",
            "areaName": "England",
            "areaCode": "E92000001",
            "newCasesByPublishDate": 796,
            "cumCasesByPublishDate": 252913,
            "newDeathsByDeathDate": 60,
            "cumDeathsByDeathDate": 40975
        },
        {
            "date": "2020-07-17",
            "areaName": "England",
            "areaCode": "E92000001",
            "newCasesByPublishDate": 635,
            "cumCasesByPublishDate": 252117,
            "newDeathsByDeathDate": 73,
            "cumDeathsByDeathDate": 40915
        },
        {
            "date": "2020-07-16",
            "areaName": "England",
            "areaCode": "E92000001",
            "newCasesByPublishDate": 597,
            "cumCasesByPublishDate": 251482,
            "newDeathsByDeathDate": 53,
            "cumDeathsByDeathDate": 40842
        },
        {
            "date": "2020-07-15",
            "areaName": "England",
            "areaCode": "E92000001",
            "newCasesByPublishDate": 506,
            "cumCasesByPublishDate": 250885,
            "newDeathsByDeathDate": 72,
            "cumDeathsByDeathDate": 40789
        },
        {
            "date": "2020-07-14",
            "areaName": "England",
            "areaCode": "E92000001",
            "newCasesByPublishDate": 372,
            "cumCasesByPublishDate": 250379,
            "newDeathsByDeathDate": 81,
            "cumDeathsByDeathDate": 40717
        },
        {
            "date": "2020-07-13",
            "areaName": "England",
            "areaCode": "E92000001",
            "newCasesByPublishDate": 497,
            "cumCasesByPublishDate": 250007,
            "newDeathsByDeathDate": 77,
            "cumDeathsByDeathDate": 40636
        },
        {
            "date": "2020-07-12",
            "areaName": "England",
            "areaCode": "E92000001",
            "newCasesByPublishDate": 615,
            "cumCasesByPublishDate": 249510,
            "newDeathsByDeathDate": 58,
            "cumDeathsByDeathDate": 40559
        },
        {
            "date": "2020-07-11",
            "areaName": "England",
            "areaCode": "E92000001",
            "newCasesByPublishDate": 806,
            "cumCasesByPublishDate": 248895,
            "newDeathsByDeathDate": 77,
            "cumDeathsByDeathDate": 40501
        },
        {
            "date": "2020-07-10",
            "areaName": "England",
            "areaCode": "E92000001",
            "newCasesByPublishDate": 480,
            "cumCasesByPublishDate": 248089,
            "newDeathsByDeathDate": 64,
            "cumDeathsByDeathDate": 40424
        },
        {
            "date": "2020-07-09",
            "areaName": "England",
            "areaCode": "E92000001",
            "newCasesByPublishDate": 617,
            "cumCasesByPublishDate": 247609,
            "newDeathsByDeathDate": 97,
            "cumDeathsByDeathDate": 40360
        },
        {
            "date": "2020-07-08",
            "areaName": "England",
            "areaCode": "E92000001",
            "newCasesByPublishDate": 606,
            "cumCasesByPublishDate": 246992,
            "newDeathsByDeathDate": 82,
            "cumDeathsByDeathDate": 40263
        },
        {
            "date": "2020-07-07",
            "areaName": "England",
            "areaCode": "E92000001",
            "newCasesByPublishDate": 572,
            "cumCasesByPublishDate": 246386,
            "newDeathsByDeathDate": 64,
            "cumDeathsByDeathDate": 40181
        },
        {
            "date": "2020-07-06",
            "areaName": "England",
            "areaCode": "E92000001",
            "newCasesByPublishDate": 331,
            "cumCasesByPublishDate": 245814,
            "newDeathsByDeathDate": 76,
            "cumDeathsByDeathDate": 40117
        },
        {
            "date": "2020-07-05",
            "areaName": "England",
            "areaCode": "E92000001",
            "newCasesByPublishDate": 492,
            "cumCasesByPublishDate": 245483,
            "newDeathsByDeathDate": 73,
            "cumDeathsByDeathDate": 40041
        },
        {
            "date": "2020-07-04",
            "areaName": "England",
            "areaCode": "E92000001",
            "newCasesByPublishDate": 579,
            "cumCasesByPublishDate": 244991,
            "newDeathsByDeathDate": 84,
            "cumDeathsByDeathDate": 39968
        },
        {
            "date": "2020-07-03",
            "areaName": "England",
            "areaCode": "E92000001",
            "newCasesByPublishDate": 502,
            "cumCasesByPublishDate": 244412,
            "newDeathsByDeathDate": 82,
            "cumDeathsByDeathDate": 39884
        },
        {
            "date": "2020-07-02",
            "areaName": "England",
            "areaCode": "E92000001",
            "newCasesByPublishDate": 523,
            "cumCasesByPublishDate": 243910,
            "newDeathsByDeathDate": 86,
            "cumDeathsByDeathDate": 39802
        },
        {
            "date": "2020-07-01",
            "areaName": "England",
            "areaCode": "E92000001",
            "newCasesByPublishDate": 177,
            "cumCasesByPublishDate": 160764,
            "newDeathsByDeathDate": 79,
            "cumDeathsByDeathDate": 39716
        },
        {
            "date": "2020-06-30",
            "areaName": "England",
            "areaCode": "E92000001",
            "newCasesByPublishDate": 196,
            "cumCasesByPublishDate": 160587,
            "newDeathsByDeathDate": 94,
            "cumDeathsByDeathDate": 39637
        },
        {
            "date": "2020-06-29",
            "areaName": "England",
            "areaCode": "E92000001",
            "newCasesByPublishDate": 99,
            "cumCasesByPublishDate": 160391,
            "newDeathsByDeathDate": 84,
            "cumDeathsByDeathDate": 39543
        },
        {
            "date": "2020-06-28",
            "areaName": "England",
            "areaCode": "E92000001",
            "newCasesByPublishDate": 142,
            "cumCasesByPublishDate": 160292,
            "newDeathsByDeathDate": 96,
            "cumDeathsByDeathDate": 39459
        },
        {
            "date": "2020-06-27",
            "areaName": "England",
            "areaCode": "E92000001",
            "newCasesByPublishDate": 192,
            "cumCasesByPublishDate": 160150,
            "newDeathsByDeathDate": 91,
            "cumDeathsByDeathDate": 39363
        },
        {
            "date": "2020-06-26",
            "areaName": "England",
            "areaCode": "E92000001",
            "newCasesByPublishDate": 175,
            "cumCasesByPublishDate": 159958,
            "newDeathsByDeathDate": 116,
            "cumDeathsByDeathDate": 39272
        },
        {
            "date": "2020-06-25",
            "areaName": "England",
            "areaCode": "E92000001",
            "newCasesByPublishDate": 261,
            "cumCasesByPublishDate": 159696,
            "newDeathsByDeathDate": 134,
            "cumDeathsByDeathDate": 39156
        },
        {
            "date": "2020-06-24",
            "areaName": "England",
            "areaCode": "E92000001",
            "newCasesByPublishDate": 107,
            "cumCasesByPublishDate": 159435,
            "newDeathsByDeathDate": 125,
            "cumDeathsByDeathDate": 39022
        },
        {
            "date": "2020-06-23",
            "areaName": "England",
            "areaCode": "E92000001",
            "newCasesByPublishDate": 210,
            "cumCasesByPublishDate": 159328,
            "newDeathsByDeathDate": 131,
            "cumDeathsByDeathDate": 38897
        },
        {
            "date": "2020-06-22",
            "areaName": "England",
            "areaCode": "E92000001",
            "newCasesByPublishDate": 178,
            "cumCasesByPublishDate": 159118,
            "newDeathsByDeathDate": 106,
            "cumDeathsByDeathDate": 38766
        },
        {
            "date": "2020-06-21",
            "areaName": "England",
            "areaCode": "E92000001",
            "newCasesByPublishDate": 215,
            "cumCasesByPublishDate": 158940,
            "newDeathsByDeathDate": 100,
            "cumDeathsByDeathDate": 38660
        },
        {
            "date": "2020-06-20",
            "areaName": "England",
            "areaCode": "E92000001",
            "newCasesByPublishDate": 324,
            "cumCasesByPublishDate": 158725,
            "newDeathsByDeathDate": 97,
            "cumDeathsByDeathDate": 38560
        },
        {
            "date": "2020-06-19",
            "areaName": "England",
            "areaCode": "E92000001",
            "newCasesByPublishDate": 323,
            "cumCasesByPublishDate": 158401,
            "newDeathsByDeathDate": 99,
            "cumDeathsByDeathDate": 38463
        },
        {
            "date": "2020-06-18",
            "areaName": "England",
            "areaCode": "E92000001",
            "newCasesByPublishDate": 281,
            "cumCasesByPublishDate": 158078,
            "newDeathsByDeathDate": 115,
            "cumDeathsByDeathDate": 38364
        },
        {
            "date": "2020-06-17",
            "areaName": "England",
            "areaCode": "E92000001",
            "newCasesByPublishDate": 252,
            "cumCasesByPublishDate": 157797,
            "newDeathsByDeathDate": 111,
            "cumDeathsByDeathDate": 38249
        },
        {
            "date": "2020-06-16",
            "areaName": "England",
            "areaCode": "E92000001",
            "newCasesByPublishDate": 252,
            "cumCasesByPublishDate": 157545,
            "newDeathsByDeathDate": 121,
            "cumDeathsByDeathDate": 38138
        },
        {
            "date": "2020-06-15",
            "areaName": "England",
            "areaCode": "E92000001",
            "newCasesByPublishDate": 219,
            "cumCasesByPublishDate": 157293,
            "newDeathsByDeathDate": 127,
            "cumDeathsByDeathDate": 38017
        },
        {
            "date": "2020-06-14",
            "areaName": "England",
            "areaCode": "E92000001",
            "newCasesByPublishDate": 292,
            "cumCasesByPublishDate": 157074,
            "newDeathsByDeathDate": 144,
            "cumDeathsByDeathDate": 37890
        },
        {
            "date": "2020-06-13",
            "areaName": "England",
            "areaCode": "E92000001",
            "newCasesByPublishDate": 372,
            "cumCasesByPublishDate": 156782,
            "newDeathsByDeathDate": 106,
            "cumDeathsByDeathDate": 37746
        },
        {
            "date": "2020-06-12",
            "areaName": "England",
            "areaCode": "E92000001",
            "newCasesByPublishDate": 392,
            "cumCasesByPublishDate": 156410,
            "newDeathsByDeathDate": 139,
            "cumDeathsByDeathDate": 37640
        },
        {
            "date": "2020-06-11",
            "areaName": "England",
            "areaCode": "E92000001",
            "newCasesByPublishDate": 304,
            "cumCasesByPublishDate": 156018,
            "newDeathsByDeathDate": 130,
            "cumDeathsByDeathDate": 37501
        },
        {
            "date": "2020-06-10",
            "areaName": "England",
            "areaCode": "E92000001",
            "newCasesByPublishDate": 63,
            "cumCasesByPublishDate": 155714,
            "newDeathsByDeathDate": 158,
            "cumDeathsByDeathDate": 37371
        },
        {
            "date": "2020-06-09",
            "areaName": "England",
            "areaCode": "E92000001",
            "newCasesByPublishDate": 651,
            "cumCasesByPublishDate": 155651,
            "newDeathsByDeathDate": 165,
            "cumDeathsByDeathDate": 37213
        },
        {
            "date": "2020-06-08",
            "areaName": "England",
            "areaCode": "E92000001",
            "newCasesByPublishDate": 92,
            "cumCasesByPublishDate": 155000,
            "newDeathsByDeathDate": 162,
            "cumDeathsByDeathDate": 37048
        },
        {
            "date": "2020-06-07",
            "areaName": "England",
            "areaCode": "E92000001",
            "newCasesByPublishDate": 228,
            "cumCasesByPublishDate": 154908,
            "newDeathsByDeathDate": 164,
            "cumDeathsByDeathDate": 36886
        },
        {
            "date": "2020-06-06",
            "areaName": "England",
            "areaCode": "E92000001",
            "newCasesByPublishDate": 422,
            "cumCasesByPublishDate": 154680,
            "newDeathsByDeathDate": 157,
            "cumDeathsByDeathDate": 36722
        },
        {
            "date": "2020-06-05",
            "areaName": "England",
            "areaCode": "E92000001",
            "newCasesByPublishDate": 451,
            "cumCasesByPublishDate": 154258,
            "newDeathsByDeathDate": 173,
            "cumDeathsByDeathDate": 36565
        },
        {
            "date": "2020-06-04",
            "areaName": "England",
            "areaCode": "E92000001",
            "newCasesByPublishDate": 431,
            "cumCasesByPublishDate": 153807,
            "newDeathsByDeathDate": 176,
            "cumDeathsByDeathDate": 36392
        },
        {
            "date": "2020-06-03",
            "areaName": "England",
            "areaCode": "E92000001",
            "newCasesByPublishDate": 462,
            "cumCasesByPublishDate": 153376,
            "newDeathsByDeathDate": 183,
            "cumDeathsByDeathDate": 36216
        },
        {
            "date": "2020-06-02",
            "areaName": "England",
            "areaCode": "E92000001",
            "newCasesByPublishDate": 444,
            "cumCasesByPublishDate": 152914,
            "newDeathsByDeathDate": 219,
            "cumDeathsByDeathDate": 36033
        },
        {
            "date": "2020-06-01",
            "areaName": "England",
            "areaCode": "E92000001",
            "newCasesByPublishDate": 294,
            "cumCasesByPublishDate": 152470,
            "newDeathsByDeathDate": 196,
            "cumDeathsByDeathDate": 35814
        },
        {
            "date": "2020-05-31",
            "areaName": "England",
            "areaCode": "E92000001",
            "newCasesByPublishDate": 320,
            "cumCasesByPublishDate": 152176,
            "newDeathsByDeathDate": 179,
            "cumDeathsByDeathDate": 35618
        },
        {
            "date": "2020-05-30",
            "areaName": "England",
            "areaCode": "E92000001",
            "newCasesByPublishDate": 715,
            "cumCasesByPublishDate": 151856,
            "newDeathsByDeathDate": 196,
            "cumDeathsByDeathDate": 35439
        },
        {
            "date": "2020-05-29",
            "areaName": "England",
            "areaCode": "E92000001",
            "newCasesByPublishDate": 560,
            "cumCasesByPublishDate": 151982,
            "newDeathsByDeathDate": 221,
            "cumDeathsByDeathDate": 35243
        },
        {
            "date": "2020-05-28",
            "areaName": "England",
            "areaCode": "E92000001",
            "newCasesByPublishDate": 519,
            "cumCasesByPublishDate": 151422,
            "newDeathsByDeathDate": 234,
            "cumDeathsByDeathDate": 35022
        },
        {
            "date": "2020-05-27",
            "areaName": "England",
            "areaCode": "E92000001",
            "newCasesByPublishDate": 609,
            "cumCasesByPublishDate": 150903,
            "newDeathsByDeathDate": 222,
            "cumDeathsByDeathDate": 34788
        },
        {
            "date": "2020-05-26",
            "areaName": "England",
            "areaCode": "E92000001",
            "newCasesByPublishDate": 492,
            "cumCasesByPublishDate": 150294,
            "newDeathsByDeathDate": 257,
            "cumDeathsByDeathDate": 34566
        },
        {
            "date": "2020-05-25",
            "areaName": "England",
            "areaCode": "E92000001",
            "newCasesByPublishDate": 494,
            "cumCasesByPublishDate": 149802,
            "newDeathsByDeathDate": 235,
            "cumDeathsByDeathDate": 34309
        },
        {
            "date": "2020-05-24",
            "areaName": "England",
            "areaCode": "E92000001",
            "newCasesByPublishDate": 584,
            "cumCasesByPublishDate": 149308,
            "newDeathsByDeathDate": 206,
            "cumDeathsByDeathDate": 34074
        },
        {
            "date": "2020-05-23",
            "areaName": "England",
            "areaCode": "E92000001",
            "newCasesByPublishDate": 979,
            "cumCasesByPublishDate": 148724,
            "newDeathsByDeathDate": 252,
            "cumDeathsByDeathDate": 33868
        },
        {
            "date": "2020-05-22",
            "areaName": "England",
            "areaCode": "E92000001",
            "newCasesByPublishDate": 1083,
            "cumCasesByPublishDate": 147745,
            "newDeathsByDeathDate": 247,
            "cumDeathsByDeathDate": 33616
        },
        {
            "date": "2020-05-21",
            "areaName": "England",
            "areaCode": "E92000001",
            "newCasesByPublishDate": 854,
            "cumCasesByPublishDate": 146662,
            "newDeathsByDeathDate": 257,
            "cumDeathsByDeathDate": 33369
        },
        {
            "date": "2020-05-20",
            "areaName": "England",
            "areaCode": "E92000001",
            "newCasesByPublishDate": 824,
            "cumCasesByPublishDate": 145808,
            "newDeathsByDeathDate": 291,
            "cumDeathsByDeathDate": 33112
        },
        {
            "date": "2020-05-19",
            "areaName": "England",
            "areaCode": "E92000001",
            "newCasesByPublishDate": 857,
            "cumCasesByPublishDate": 145376,
            "newDeathsByDeathDate": 271,
            "cumDeathsByDeathDate": 32821
        },
        {
            "date": "2020-05-18",
            "areaName": "England",
            "areaCode": "E92000001",
            "newCasesByPublishDate": 816,
            "cumCasesByPublishDate": 144519,
            "newDeathsByDeathDate": 315,
            "cumDeathsByDeathDate": 32550
        },
        {
            "date": "2020-05-17",
            "areaName": "England",
            "areaCode": "E92000001",
            "newCasesByPublishDate": 788,
            "cumCasesByPublishDate": 143703,
            "newDeathsByDeathDate": 276,
            "cumDeathsByDeathDate": 32235
        },
        {
            "date": "2020-05-16",
            "areaName": "England",
            "areaCode": "E92000001",
            "newCasesByPublishDate": 1136,
            "cumCasesByPublishDate": 142915,
            "newDeathsByDeathDate": 318,
            "cumDeathsByDeathDate": 31959
        },
        {
            "date": "2020-05-15",
            "areaName": "England",
            "areaCode": "E92000001",
            "newCasesByPublishDate": 1112,
            "cumCasesByPublishDate": 141779,
            "newDeathsByDeathDate": 316,
            "cumDeathsByDeathDate": 31641
        },
        {
            "date": "2020-05-14",
            "areaName": "England",
            "areaCode": "E92000001",
            "newCasesByPublishDate": 1189,
            "cumCasesByPublishDate": 140667,
            "newDeathsByDeathDate": 333,
            "cumDeathsByDeathDate": 31325
        },
        {
            "date": "2020-05-13",
            "areaName": "England",
            "areaCode": "E92000001",
            "newCasesByPublishDate": 1146,
            "cumCasesByPublishDate": 139478,
            "newDeathsByDeathDate": 311,
            "cumDeathsByDeathDate": 30992
        },
        {
            "date": "2020-05-12",
            "areaName": "England",
            "areaCode": "E92000001",
            "newCasesByPublishDate": 1067,
            "cumCasesByPublishDate": 138332,
            "newDeathsByDeathDate": 323,
            "cumDeathsByDeathDate": 30681
        },
        {
            "date": "2020-05-11",
            "areaName": "England",
            "areaCode": "E92000001",
            "newCasesByPublishDate": 891,
            "cumCasesByPublishDate": 137265,
            "newDeathsByDeathDate": 315,
            "cumDeathsByDeathDate": 30358
        },
        {
            "date": "2020-05-10",
            "areaName": "England",
            "areaCode": "E92000001",
            "newCasesByPublishDate": 1007,
            "cumCasesByPublishDate": 136374,
            "newDeathsByDeathDate": 352,
            "cumDeathsByDeathDate": 30043
        },
        {
            "date": "2020-05-09",
            "areaName": "England",
            "areaCode": "E92000001",
            "newCasesByPublishDate": 1349,
            "cumCasesByPublishDate": 135367,
            "newDeathsByDeathDate": 375,
            "cumDeathsByDeathDate": 29691
        },
        {
            "date": "2020-05-08",
            "areaName": "England",
            "areaCode": "E92000001",
            "newCasesByPublishDate": 1694,
            "cumCasesByPublishDate": 134018,
            "newDeathsByDeathDate": 376,
            "cumDeathsByDeathDate": 29316
        },
        {
            "date": "2020-05-07",
            "areaName": "England",
            "areaCode": "E92000001",
            "newCasesByPublishDate": 2133,
            "cumCasesByPublishDate": 132324,
            "newDeathsByDeathDate": 443,
            "cumDeathsByDeathDate": 28940
        },
        {
            "date": "2020-05-06",
            "areaName": "England",
            "areaCode": "E92000001",
            "newCasesByPublishDate": 1611,
            "cumCasesByPublishDate": 130191,
            "newDeathsByDeathDate": 436,
            "cumDeathsByDeathDate": 28497
        },
        {
            "date": "2020-05-05",
            "areaName": "England",
            "areaCode": "E92000001",
            "newCasesByPublishDate": 1842,
            "cumCasesByPublishDate": 128580,
            "newDeathsByDeathDate": 434,
            "cumDeathsByDeathDate": 28061
        },
        {
            "date": "2020-05-04",
            "areaName": "England",
            "areaCode": "E92000001",
            "newCasesByPublishDate": 1485,
            "cumCasesByPublishDate": 126738,
            "newDeathsByDeathDate": 448,
            "cumDeathsByDeathDate": 27627
        },
        {
            "date": "2020-05-03",
            "areaName": "England",
            "areaCode": "E92000001",
            "newCasesByPublishDate": 2019,
            "cumCasesByPublishDate": 125253,
            "newDeathsByDeathDate": 424,
            "cumDeathsByDeathDate": 27179
        },
        {
            "date": "2020-05-02",
            "areaName": "England",
            "areaCode": "E92000001",
            "newCasesByPublishDate": 2228,
            "cumCasesByPublishDate": 123234,
            "newDeathsByDeathDate": 457,
            "cumDeathsByDeathDate": 26755
        },
        {
            "date": "2020-05-01",
            "areaName": "England",
            "areaCode": "E92000001",
            "newCasesByPublishDate": 2501,
            "cumCasesByPublishDate": 121006,
            "newDeathsByDeathDate": 508,
            "cumDeathsByDeathDate": 26298
        },
        {
            "date": "2020-04-30",
            "areaName": "England",
            "areaCode": "E92000001",
            "newCasesByPublishDate": 2484,
            "cumCasesByPublishDate": 118343,
            "newDeathsByDeathDate": 508,
            "cumDeathsByDeathDate": 25790
        },
        {
            "date": "2020-04-29",
            "areaName": "England",
            "areaCode": "E92000001",
            "newCasesByPublishDate": 1403,
            "cumCasesByPublishDate": 115859,
            "newDeathsByDeathDate": 521,
            "cumDeathsByDeathDate": 25282
        },
        {
            "date": "2020-04-28",
            "areaName": "England",
            "areaCode": "E92000001",
            "newCasesByPublishDate": 1989,
            "cumCasesByPublishDate": 114456,
            "newDeathsByDeathDate": 529,
            "cumDeathsByDeathDate": 24761
        },
        {
            "date": "2020-04-27",
            "areaName": "England",
            "areaCode": "E92000001",
            "newCasesByPublishDate": 2264,
            "cumCasesByPublishDate": 112467,
            "newDeathsByDeathDate": 525,
            "cumDeathsByDeathDate": 24232
        },
        {
            "date": "2020-04-26",
            "areaName": "England",
            "areaCode": "E92000001",
            "newCasesByPublishDate": 2152,
            "cumCasesByPublishDate": 110203,
            "newDeathsByDeathDate": 576,
            "cumDeathsByDeathDate": 23707
        },
        {
            "date": "2020-04-25",
            "areaName": "England",
            "areaCode": "E92000001",
            "newCasesByPublishDate": 2826,
            "cumCasesByPublishDate": 108051,
            "newDeathsByDeathDate": 574,
            "cumDeathsByDeathDate": 23131
        },
        {
            "date": "2020-04-24",
            "areaName": "England",
            "areaCode": "E92000001",
            "newCasesByPublishDate": 3004,
            "cumCasesByPublishDate": 105225,
            "newDeathsByDeathDate": 626,
            "cumDeathsByDeathDate": 22557
        },
        {
            "date": "2020-04-23",
            "areaName": "England",
            "areaCode": "E92000001",
            "newCasesByPublishDate": 3084,
            "cumCasesByPublishDate": 102221,
            "newDeathsByDeathDate": 609,
            "cumDeathsByDeathDate": 21931
        },
        {
            "date": "2020-04-22",
            "areaName": "England",
            "areaCode": "E92000001",
            "newCasesByPublishDate": 3020,
            "cumCasesByPublishDate": 99137,
            "newDeathsByDeathDate": 651,
            "cumDeathsByDeathDate": 21322
        },
        {
            "date": "2020-04-21",
            "areaName": "England",
            "areaCode": "E92000001",
            "newCasesByPublishDate": 3087,
            "cumCasesByPublishDate": 96117,
            "newDeathsByDeathDate": 654,
            "cumDeathsByDeathDate": 20671
        },
        {
            "date": "2020-04-20",
            "areaName": "England",
            "areaCode": "E92000001",
            "newCasesByPublishDate": 2401,
            "cumCasesByPublishDate": 93030,
            "newDeathsByDeathDate": 695,
            "cumDeathsByDeathDate": 20017
        },
        {
            "date": "2020-04-19",
            "areaName": "England",
            "areaCode": "E92000001",
            "newCasesByPublishDate": 3607,
            "cumCasesByPublishDate": 90629,
            "newDeathsByDeathDate": 688,
            "cumDeathsByDeathDate": 19322
        },
        {
            "date": "2020-04-18",
            "areaName": "England",
            "areaCode": "E92000001",
            "newCasesByPublishDate": 3548,
            "cumCasesByPublishDate": 87022,
            "newDeathsByDeathDate": 717,
            "cumDeathsByDeathDate": 18634
        },
        {
            "date": "2020-04-17",
            "areaName": "England",
            "areaCode": "E92000001",
            "newCasesByPublishDate": 3985,
            "cumCasesByPublishDate": 83474,
            "newDeathsByDeathDate": 748,
            "cumDeathsByDeathDate": 17917
        },
        {
            "date": "2020-04-16",
            "areaName": "England",
            "areaCode": "E92000001",
            "newCasesByPublishDate": 3118,
            "cumCasesByPublishDate": 79489,
            "newDeathsByDeathDate": 754,
            "cumDeathsByDeathDate": 17169
        },
        {
            "date": "2020-04-15",
            "areaName": "England",
            "areaCode": "E92000001",
            "newCasesByPublishDate": 3188,
            "cumCasesByPublishDate": 76371,
            "newDeathsByDeathDate": 783,
            "cumDeathsByDeathDate": 16415
        },
        {
            "date": "2020-04-14",
            "areaName": "England",
            "areaCode": "E92000001",
            "newCasesByPublishDate": 3854,
            "cumCasesByPublishDate": 73183,
            "newDeathsByDeathDate": 775,
            "cumDeathsByDeathDate": 15632
        },
        {
            "date": "2020-04-13",
            "areaName": "England",
            "areaCode": "E92000001",
            "newCasesByPublishDate": 2999,
            "cumCasesByPublishDate": 69329,
            "newDeathsByDeathDate": 804,
            "cumDeathsByDeathDate": 14857
        },
        {
            "date": "2020-04-12",
            "areaName": "England",
            "areaCode": "E92000001",
            "newCasesByPublishDate": 3672,
            "cumCasesByPublishDate": 66330,
            "newDeathsByDeathDate": 858,
            "cumDeathsByDeathDate": 14053
        },
        {
            "date": "2020-04-11",
            "areaName": "England",
            "areaCode": "E92000001",
            "newCasesByPublishDate": 3841,
            "cumCasesByPublishDate": 62658,
            "newDeathsByDeathDate": 862,
            "cumDeathsByDeathDate": 13195
        },
        {
            "date": "2020-04-10",
            "areaName": "England",
            "areaCode": "E92000001",
            "newCasesByPublishDate": 4263,
            "cumCasesByPublishDate": 58817,
            "newDeathsByDeathDate": 851,
            "cumDeathsByDeathDate": 12333
        },
        {
            "date": "2020-04-09",
            "areaName": "England",
            "areaCode": "E92000001",
            "newCasesByPublishDate": 3798,
            "cumCasesByPublishDate": 54554,
            "newDeathsByDeathDate": 874,
            "cumDeathsByDeathDate": 11482
        },
        {
            "date": "2020-04-08",
            "areaName": "England",
            "areaCode": "E92000001",
            "newCasesByPublishDate": 4788,
            "cumCasesByPublishDate": 50756,
            "newDeathsByDeathDate": 975,
            "cumDeathsByDeathDate": 10608
        },
        {
            "date": "2020-04-07",
            "areaName": "England",
            "areaCode": "E92000001",
            "newCasesByPublishDate": 2978,
            "cumCasesByPublishDate": 45968,
            "newDeathsByDeathDate": 914,
            "cumDeathsByDeathDate": 9633
        },
        {
            "date": "2020-04-06",
            "areaName": "England",
            "areaCode": "E92000001",
            "newCasesByPublishDate": 3176,
            "cumCasesByPublishDate": 42990,
            "newDeathsByDeathDate": 805,
            "cumDeathsByDeathDate": 8719
        },
        {
            "date": "2020-04-05",
            "areaName": "England",
            "areaCode": "E92000001",
            "newCasesByPublishDate": 5107,
            "cumCasesByPublishDate": 39814,
            "newDeathsByDeathDate": 829,
            "cumDeathsByDeathDate": 7914
        },
        {
            "date": "2020-04-04",
            "areaName": "England",
            "areaCode": "E92000001",
            "newCasesByPublishDate": 2910,
            "cumCasesByPublishDate": 34707,
            "newDeathsByDeathDate": 837,
            "cumDeathsByDeathDate": 7085
        },
        {
            "date": "2020-04-03",
            "areaName": "England",
            "areaCode": "E92000001",
            "newCasesByPublishDate": 3576,
            "cumCasesByPublishDate": 31797,
            "newDeathsByDeathDate": 743,
            "cumDeathsByDeathDate": 6248
        },
        {
            "date": "2020-04-02",
            "areaName": "England",
            "areaCode": "E92000001",
            "newCasesByPublishDate": 3583,
            "cumCasesByPublishDate": 28221,
            "newDeathsByDeathDate": 732,
            "cumDeathsByDeathDate": 5505
        },
        {
            "date": "2020-04-01",
            "areaName": "England",
            "areaCode": "E92000001",
            "newCasesByPublishDate": 3630,
            "cumCasesByPublishDate": 24638,
            "newDeathsByDeathDate": 698,
            "cumDeathsByDeathDate": 4773
        },
        {
            "date": "2020-03-31",
            "areaName": "England",
            "areaCode": "E92000001",
            "newCasesByPublishDate": 2414,
            "cumCasesByPublishDate": 21008,
            "newDeathsByDeathDate": 603,
            "cumDeathsByDeathDate": 4075
        },
        {
            "date": "2020-03-30",
            "areaName": "England",
            "areaCode": "E92000001",
            "newCasesByPublishDate": 2107,
            "cumCasesByPublishDate": 18594,
            "newDeathsByDeathDate": 538,
            "cumDeathsByDeathDate": 3472
        },
        {
            "date": "2020-03-29",
            "areaName": "England",
            "areaCode": "E92000001",
            "newCasesByPublishDate": 2060,
            "cumCasesByPublishDate": 16487,
            "newDeathsByDeathDate": 466,
            "cumDeathsByDeathDate": 2934
        },
        {
            "date": "2020-03-28",
            "areaName": "England",
            "areaCode": "E92000001",
            "newCasesByPublishDate": 2139,
            "cumCasesByPublishDate": 14427,
            "newDeathsByDeathDate": 384,
            "cumDeathsByDeathDate": 2468
        },
        {
            "date": "2020-03-27",
            "areaName": "England",
            "areaCode": "E92000001",
            "newCasesByPublishDate": 2506,
            "cumCasesByPublishDate": 12288,
            "newDeathsByDeathDate": 375,
            "cumDeathsByDeathDate": 2084
        },
        {
            "date": "2020-03-26",
            "areaName": "England",
            "areaCode": "E92000001",
            "newCasesByPublishDate": 1809,
            "cumCasesByPublishDate": 9782,
            "newDeathsByDeathDate": 335,
            "cumDeathsByDeathDate": 1709
        },
        {
            "date": "2020-03-25",
            "areaName": "England",
            "areaCode": "E92000001",
            "newCasesByPublishDate": 1130,
            "cumCasesByPublishDate": 7973,
            "newDeathsByDeathDate": 278,
            "cumDeathsByDeathDate": 1374
        },
        {
            "date": "2020-03-24",
            "areaName": "England",
            "areaCode": "E92000001",
            "newCasesByPublishDate": 1258,
            "cumCasesByPublishDate": 6843,
            "newDeathsByDeathDate": 219,
            "cumDeathsByDeathDate": 1096
        },
        {
            "date": "2020-03-23",
            "areaName": "England",
            "areaCode": "E92000001",
            "newCasesByPublishDate": 793,
            "cumCasesByPublishDate": 5585,
            "newDeathsByDeathDate": 173,
            "cumDeathsByDeathDate": 877
        },
        {
            "date": "2020-03-22",
            "areaName": "England",
            "areaCode": "E92000001",
            "newCasesByPublishDate": 535,
            "cumCasesByPublishDate": 4792,
            "newDeathsByDeathDate": 154,
            "cumDeathsByDeathDate": 704
        },
        {
            "date": "2020-03-21",
            "areaName": "England",
            "areaCode": "E92000001",
            "newCasesByPublishDate": 873,
            "cumCasesByPublishDate": 4257,
            "newDeathsByDeathDate": 117,
            "cumDeathsByDeathDate": 550
        },
        {
            "date": "2020-03-20",
            "areaName": "England",
            "areaCode": "E92000001",
            "newCasesByPublishDate": 628,
            "cumCasesByPublishDate": 3384,
            "newDeathsByDeathDate": 102,
            "cumDeathsByDeathDate": 433
        },
        {
            "date": "2020-03-19",
            "areaName": "England",
            "areaCode": "E92000001",
            "newCasesByPublishDate": 574,
            "cumCasesByPublishDate": 2756,
            "newDeathsByDeathDate": 67,
            "cumDeathsByDeathDate": 331
        },
        {
            "date": "2020-03-18",
            "areaName": "England",
            "areaCode": "E92000001",
            "newCasesByPublishDate": 625,
            "cumCasesByPublishDate": 2182,
            "newDeathsByDeathDate": 67,
            "cumDeathsByDeathDate": 264
        },
        {
            "date": "2020-03-17",
            "areaName": "England",
            "areaCode": "E92000001",
            "newCasesByPublishDate": 361,
            "cumCasesByPublishDate": 1557,
            "newDeathsByDeathDate": 50,
            "cumDeathsByDeathDate": 197
        },
        {
            "date": "2020-03-16",
            "areaName": "England",
            "areaCode": "E92000001",
            "newCasesByPublishDate": 97,
            "cumCasesByPublishDate": 1196,
            "newDeathsByDeathDate": 42,
            "cumDeathsByDeathDate": 147
        },
        {
            "date": "2020-03-15",
            "areaName": "England",
            "areaCode": "E92000001",
            "newCasesByPublishDate": 253,
            "cumCasesByPublishDate": 1099,
            "newDeathsByDeathDate": 32,
            "cumDeathsByDeathDate": 105
        },
        {
            "date": "2020-03-14",
            "areaName": "England",
            "areaCode": "E92000001",
            "newCasesByPublishDate": 201,
            "cumCasesByPublishDate": 846,
            "newDeathsByDeathDate": 20,
            "cumDeathsByDeathDate": 73
        },
        {
            "date": "2020-03-13",
            "areaName": "England",
            "areaCode": "E92000001",
            "newCasesByPublishDate": 159,
            "cumCasesByPublishDate": 645,
            "newDeathsByDeathDate": 16,
            "cumDeathsByDeathDate": 53
        },
        {
            "date": "2020-03-12",
            "areaName": "England",
            "areaCode": "E92000001",
            "newCasesByPublishDate": 99,
            "cumCasesByPublishDate": 486,
            "newDeathsByDeathDate": 12,
            "cumDeathsByDeathDate": 37
        },
        {
            "date": "2020-03-11",
            "areaName": "England",
            "areaCode": "E92000001",
            "newCasesByPublishDate": 63,
            "cumCasesByPublishDate": 387,
            "newDeathsByDeathDate": 8,
            "cumDeathsByDeathDate": 25
        },
        {
            "date": "2020-03-10",
            "areaName": "England",
            "areaCode": "E92000001",
            "newCasesByPublishDate": 46,
            "cumCasesByPublishDate": 324,
            "newDeathsByDeathDate": 3,
            "cumDeathsByDeathDate": 17
        },
        {
            "date": "2020-03-09",
            "areaName": "England",
            "areaCode": "E92000001",
            "newCasesByPublishDate": 40,
            "cumCasesByPublishDate": 282,
            "newDeathsByDeathDate": 5,
            "cumDeathsByDeathDate": 14
        },
        {
            "date": "2020-03-08",
            "areaName": "England",
            "areaCode": "E92000001",
            "newCasesByPublishDate": 58,
            "cumCasesByPublishDate": 241,
            "newDeathsByDeathDate": 3,
            "cumDeathsByDeathDate": 9
        },
        {
            "date": "2020-03-07",
            "areaName": "England",
            "areaCode": "E92000001",
            "newCasesByPublishDate": 39,
            "cumCasesByPublishDate": 183,
            "newDeathsByDeathDate": 0,
            "cumDeathsByDeathDate": 6
        },
        {
            "date": "2020-03-06",
            "areaName": "England",
            "areaCode": "E92000001",
            "newCasesByPublishDate": 39,
            "cumCasesByPublishDate": 144,
            "newDeathsByDeathDate": 0,
            "cumDeathsByDeathDate": 6
        },
        {
            "date": "2020-03-05",
            "areaName": "England",
            "areaCode": "E92000001",
            "newCasesByPublishDate": 25,
            "cumCasesByPublishDate": 105,
            "newDeathsByDeathDate": 3,
            "cumDeathsByDeathDate": 6
        },
        {
            "date": "2020-03-04",
            "areaName": "England",
            "areaCode": "E92000001",
            "newCasesByPublishDate": 32,
            "cumCasesByPublishDate": 80,
            "newDeathsByDeathDate": 0,
            "cumDeathsByDeathDate": 3
        },
        {
            "date": "2020-03-03",
            "areaName": "England",
            "areaCode": "E92000001",
            "newCasesByPublishDate": 11,
            "cumCasesByPublishDate": 48,
            "newDeathsByDeathDate": 2,
            "cumDeathsByDeathDate": 3
        },
        {
            "date": "2020-03-02",
            "areaName": "England",
            "areaCode": "E92000001",
            "newCasesByPublishDate": 4,
            "cumCasesByPublishDate": 37,
            "newDeathsByDeathDate": 1,
            "cumDeathsByDeathDate": 1
        },
        {
            "date": "2020-03-01",
            "areaName": "England",
            "areaCode": "E92000001",
            "newCasesByPublishDate": 12,
            "cumCasesByPublishDate": 33,
            "newDeathsByDeathDate": null,
            "cumDeathsByDeathDate": null
        },
        {
            "date": "2020-02-29",
            "areaName": "England",
            "areaCode": "E92000001",
            "newCasesByPublishDate": 3,
            "cumCasesByPublishDate": 21,
            "newDeathsByDeathDate": null,
            "cumDeathsByDeathDate": null
        },
        {
            "date": "2020-02-28",
            "areaName": "England",
            "areaCode": "E92000001",
            "newCasesByPublishDate": 5,
            "cumCasesByPublishDate": 18,
            "newDeathsByDeathDate": null,
            "cumDeathsByDeathDate": null
        },
        {
            "date": "2020-02-27",
            "areaName": "England",
            "areaCode": "E92000001",
            "newCasesByPublishDate": 0,
            "cumCasesByPublishDate": 13,
            "newDeathsByDeathDate": null,
            "cumDeathsByDeathDate": null
        },
        {
            "date": "2020-02-26",
            "areaName": "England",
            "areaCode": "E92000001",
            "newCasesByPublishDate": 0,
            "cumCasesByPublishDate": 13,
            "newDeathsByDeathDate": null,
            "cumDeathsByDeathDate": null
        },
        {
            "date": "2020-02-25",
            "areaName": "England",
            "areaCode": "E92000001",
            "newCasesByPublishDate": 0,
            "cumCasesByPublishDate": 13,
            "newDeathsByDeathDate": null,
            "cumDeathsByDeathDate": null
        },
        {
            "date": "2020-02-24",
            "areaName": "England",
            "areaCode": "E92000001",
            "newCasesByPublishDate": 4,
            "cumCasesByPublishDate": 13,
            "newDeathsByDeathDate": null,
            "cumDeathsByDeathDate": null
        },
        {
            "date": "2020-02-23",
            "areaName": "England",
            "areaCode": "E92000001",
            "newCasesByPublishDate": 0,
            "cumCasesByPublishDate": 9,
            "newDeathsByDeathDate": null,
            "cumDeathsByDeathDate": null
        },
        {
            "date": "2020-02-22",
            "areaName": "England",
            "areaCode": "E92000001",
            "newCasesByPublishDate": 0,
            "cumCasesByPublishDate": 9,
            "newDeathsByDeathDate": null,
            "cumDeathsByDeathDate": null
        },
        {
            "date": "2020-02-21",
            "areaName": "England",
            "areaCode": "E92000001",
            "newCasesByPublishDate": 0,
            "cumCasesByPublishDate": 9,
            "newDeathsByDeathDate": null,
            "cumDeathsByDeathDate": null
        },
        {
            "date": "2020-02-20",
            "areaName": "England",
            "areaCode": "E92000001",
            "newCasesByPublishDate": 0,
            "cumCasesByPublishDate": 9,
            "newDeathsByDeathDate": null,
            "cumDeathsByDeathDate": null
        },
        {
            "date": "2020-02-19",
            "areaName": "England",
            "areaCode": "E92000001",
            "newCasesByPublishDate": 0,
            "cumCasesByPublishDate": 9,
            "newDeathsByDeathDate": null,
            "cumDeathsByDeathDate": null
        },
        {
            "date": "2020-02-18",
            "areaName": "England",
            "areaCode": "E92000001",
            "newCasesByPublishDate": 0,
            "cumCasesByPublishDate": 9,
            "newDeathsByDeathDate": null,
            "cumDeathsByDeathDate": null
        },
        {
            "date": "2020-02-17",
            "areaName": "England",
            "areaCode": "E92000001",
            "newCasesByPublishDate": 0,
            "cumCasesByPublishDate": 9,
            "newDeathsByDeathDate": null,
            "cumDeathsByDeathDate": null
        },
        {
            "date": "2020-02-16",
            "areaName": "England",
            "areaCode": "E92000001",
            "newCasesByPublishDate": 0,
            "cumCasesByPublishDate": 9,
            "newDeathsByDeathDate": null,
            "cumDeathsByDeathDate": null
        },
        {
            "date": "2020-02-15",
            "areaName": "England",
            "areaCode": "E92000001",
            "newCasesByPublishDate": 0,
            "cumCasesByPublishDate": 9,
            "newDeathsByDeathDate": null,
            "cumDeathsByDeathDate": null
        },
        {
            "date": "2020-02-14",
            "areaName": "England",
            "areaCode": "E92000001",
            "newCasesByPublishDate": 0,
            "cumCasesByPublishDate": 9,
            "newDeathsByDeathDate": null,
            "cumDeathsByDeathDate": null
        },
        {
            "date": "2020-02-13",
            "areaName": "England",
            "areaCode": "E92000001",
            "newCasesByPublishDate": 1,
            "cumCasesByPublishDate": 9,
            "newDeathsByDeathDate": null,
            "cumDeathsByDeathDate": null
        },
        {
            "date": "2020-02-12",
            "areaName": "England",
            "areaCode": "E92000001",
            "newCasesByPublishDate": 0,
            "cumCasesByPublishDate": 8,
            "newDeathsByDeathDate": null,
            "cumDeathsByDeathDate": null
        },
        {
            "date": "2020-02-11",
            "areaName": "England",
            "areaCode": "E92000001",
            "newCasesByPublishDate": 0,
            "cumCasesByPublishDate": 8,
            "newDeathsByDeathDate": null,
            "cumDeathsByDeathDate": null
        },
        {
            "date": "2020-02-10",
            "areaName": "England",
            "areaCode": "E92000001",
            "newCasesByPublishDate": 4,
            "cumCasesByPublishDate": 8,
            "newDeathsByDeathDate": null,
            "cumDeathsByDeathDate": null
        },
        {
            "date": "2020-02-09",
            "areaName": "England",
            "areaCode": "E92000001",
            "newCasesByPublishDate": 1,
            "cumCasesByPublishDate": 4,
            "newDeathsByDeathDate": null,
            "cumDeathsByDeathDate": null
        },
        {
            "date": "2020-02-08",
            "areaName": "England",
            "areaCode": "E92000001",
            "newCasesByPublishDate": 0,
            "cumCasesByPublishDate": 3,
            "newDeathsByDeathDate": null,
            "cumDeathsByDeathDate": null
        },
        {
            "date": "2020-02-07",
            "areaName": "England",
            "areaCode": "E92000001",
            "newCasesByPublishDate": 0,
            "cumCasesByPublishDate": 3,
            "newDeathsByDeathDate": null,
            "cumDeathsByDeathDate": null
        },
        {
            "date": "2020-02-06",
            "areaName": "England",
            "areaCode": "E92000001",
            "newCasesByPublishDate": 1,
            "cumCasesByPublishDate": 3,
            "newDeathsByDeathDate": null,
            "cumDeathsByDeathDate": null
        },
        {
            "date": "2020-02-05",
            "areaName": "England",
            "areaCode": "E92000001",
            "newCasesByPublishDate": 0,
            "cumCasesByPublishDate": 2,
            "newDeathsByDeathDate": null,
            "cumDeathsByDeathDate": null
        },
        {
            "date": "2020-02-04",
            "areaName": "England",
            "areaCode": "E92000001",
            "newCasesByPublishDate": 0,
            "cumCasesByPublishDate": 2,
            "newDeathsByDeathDate": null,
            "cumDeathsByDeathDate": null
        },
        {
            "date": "2020-02-03",
            "areaName": "England",
            "areaCode": "E92000001",
            "newCasesByPublishDate": 0,
            "cumCasesByPublishDate": 2,
            "newDeathsByDeathDate": null,
            "cumDeathsByDeathDate": null
        },
        {
            "date": "2020-02-02",
            "areaName": "England",
            "areaCode": "E92000001",
            "newCasesByPublishDate": 0,
            "cumCasesByPublishDate": 2,
            "newDeathsByDeathDate": null,
            "cumDeathsByDeathDate": null
        },
        {
            "date": "2020-02-01",
            "areaName": "England",
            "areaCode": "E92000001",
            "newCasesByPublishDate": 0,
            "cumCasesByPublishDate": 2,
            "newDeathsByDeathDate": null,
            "cumDeathsByDeathDate": null
        },
        {
            "date": "2020-01-31",
            "areaName": "England",
            "areaCode": "E92000001",
            "newCasesByPublishDate": 2,
            "cumCasesByPublishDate": 2,
            "newDeathsByDeathDate": null,
            "cumDeathsByDeathDate": null
        },
        {
            "date": "2020-01-30",
            "areaName": "England",
            "areaCode": "E92000001",
            "newCasesByPublishDate": 0,
            "cumCasesByPublishDate": null,
            "newDeathsByDeathDate": null,
            "cumDeathsByDeathDate": null
        },
        {
            "date": "2020-01-29",
            "areaName": "England",
            "areaCode": "E92000001",
            "newCasesByPublishDate": 0,
            "cumCasesByPublishDate": null,
            "newDeathsByDeathDate": null,
            "cumDeathsByDeathDate": null
        },
        {
            "date": "2020-01-28",
            "areaName": "England",
            "areaCode": "E92000001",
            "newCasesByPublishDate": 0,
            "cumCasesByPublishDate": null,
            "newDeathsByDeathDate": null,
            "cumDeathsByDeathDate": null
        },
        {
            "date": "2020-01-27",
            "areaName": "England",
            "areaCode": "E92000001",
            "newCasesByPublishDate": 0,
            "cumCasesByPublishDate": null,
            "newDeathsByDeathDate": null,
            "cumDeathsByDeathDate": null
        },
        {
            "date": "2020-01-26",
            "areaName": "England",
            "areaCode": "E92000001",
            "newCasesByPublishDate": 0,
            "cumCasesByPublishDate": null,
            "newDeathsByDeathDate": null,
            "cumDeathsByDeathDate": null
        },
        {
            "date": "2020-01-25",
            "areaName": "England",
            "areaCode": "E92000001",
            "newCasesByPublishDate": 0,
            "cumCasesByPublishDate": null,
            "newDeathsByDeathDate": null,
            "cumDeathsByDeathDate": null
        },
        {
            "date": "2020-01-24",
            "areaName": "England",
            "areaCode": "E92000001",
            "newCasesByPublishDate": 0,
            "cumCasesByPublishDate": null,
            "newDeathsByDeathDate": null,
            "cumDeathsByDeathDate": null
        },
        {
            "date": "2020-01-23",
            "areaName": "England",
            "areaCode": "E92000001",
            "newCasesByPublishDate": 0,
            "cumCasesByPublishDate": null,
            "newDeathsByDeathDate": null,
            "cumDeathsByDeathDate": null
        },
        {
            "date": "2020-01-22",
            "areaName": "England",
            "areaCode": "E92000001",
            "newCasesByPublishDate": 0,
            "cumCasesByPublishDate": null,
            "newDeathsByDeathDate": null,
            "cumDeathsByDeathDate": null
        },
        {
            "date": "2020-01-21",
            "areaName": "England",
            "areaCode": "E92000001",
            "newCasesByPublishDate": 0,
            "cumCasesByPublishDate": null,
            "newDeathsByDeathDate": null,
            "cumDeathsByDeathDate": null
        },
        {
            "date": "2020-01-20",
            "areaName": "England",
            "areaCode": "E92000001",
            "newCasesByPublishDate": 0,
            "cumCasesByPublishDate": null,
            "newDeathsByDeathDate": null,
            "cumDeathsByDeathDate": null
        },
        {
            "date": "2020-01-19",
            "areaName": "England",
            "areaCode": "E92000001",
            "newCasesByPublishDate": 0,
            "cumCasesByPublishDate": null,
            "newDeathsByDeathDate": null,
            "cumDeathsByDeathDate": null
        },
        {
            "date": "2020-01-18",
            "areaName": "England",
            "areaCode": "E92000001",
            "newCasesByPublishDate": 0,
            "cumCasesByPublishDate": null,
            "newDeathsByDeathDate": null,
            "cumDeathsByDeathDate": null
        },
        {
            "date": "2020-01-17",
            "areaName": "England",
            "areaCode": "E92000001",
            "newCasesByPublishDate": 0,
            "cumCasesByPublishDate": null,
            "newDeathsByDeathDate": null,
            "cumDeathsByDeathDate": null
        },
        {
            "date": "2020-01-16",
            "areaName": "England",
            "areaCode": "E92000001",
            "newCasesByPublishDate": 0,
            "cumCasesByPublishDate": null,
            "newDeathsByDeathDate": null,
            "cumDeathsByDeathDate": null
        },
        {
            "date": "2020-01-15",
            "areaName": "England",
            "areaCode": "E92000001",
            "newCasesByPublishDate": 0,
            "cumCasesByPublishDate": null,
            "newDeathsByDeathDate": null,
            "cumDeathsByDeathDate": null
        },
        {
            "date": "2020-01-14",
            "areaName": "England",
            "areaCode": "E92000001",
            "newCasesByPublishDate": 0,
            "cumCasesByPublishDate": null,
            "newDeathsByDeathDate": null,
            "cumDeathsByDeathDate": null
        },
        {
            "date": "2020-01-13",
            "areaName": "England",
            "areaCode": "E92000001",
            "newCasesByPublishDate": 0,
            "cumCasesByPublishDate": null,
            "newDeathsByDeathDate": null,
            "cumDeathsByDeathDate": null
        },
        {
            "date": "2020-01-12",
            "areaName": "England",
            "areaCode": "E92000001",
            "newCasesByPublishDate": 0,
            "cumCasesByPublishDate": null,
            "newDeathsByDeathDate": null,
            "cumDeathsByDeathDate": null
        },
        {
            "date": "2020-01-11",
            "areaName": "England",
            "areaCode": "E92000001",
            "newCasesByPublishDate": 0,
            "cumCasesByPublishDate": null,
            "newDeathsByDeathDate": null,
            "cumDeathsByDeathDate": null
        },
        {
            "date": "2020-01-10",
            "areaName": "England",
            "areaCode": "E92000001",
            "newCasesByPublishDate": 0,
            "cumCasesByPublishDate": null,
            "newDeathsByDeathDate": null,
            "cumDeathsByDeathDate": null
        },
        {
            "date": "2020-01-09",
            "areaName": "England",
            "areaCode": "E92000001",
            "newCasesByPublishDate": 0,
            "cumCasesByPublishDate": null,
            "newDeathsByDeathDate": null,
            "cumDeathsByDeathDate": null
        },
        {
            "date": "2020-01-08",
            "areaName": "England",
            "areaCode": "E92000001",
            "newCasesByPublishDate": 0,
            "cumCasesByPublishDate": null,
            "newDeathsByDeathDate": null,
            "cumDeathsByDeathDate": null
        },
        {
            "date": "2020-01-07",
            "areaName": "England",
            "areaCode": "E92000001",
            "newCasesByPublishDate": 0,
            "cumCasesByPublishDate": null,
            "newDeathsByDeathDate": null,
            "cumDeathsByDeathDate": null
        },
        {
            "date": "2020-01-06",
            "areaName": "England",
            "areaCode": "E92000001",
            "newCasesByPublishDate": 0,
            "cumCasesByPublishDate": null,
            "newDeathsByDeathDate": null,
            "cumDeathsByDeathDate": null
        },
        {
            "date": "2020-01-05",
            "areaName": "England",
            "areaCode": "E92000001",
            "newCasesByPublishDate": 0,
            "cumCasesByPublishDate": null,
            "newDeathsByDeathDate": null,
            "cumDeathsByDeathDate": null
        },
        {
            "date": "2020-01-04",
            "areaName": "England",
            "areaCode": "E92000001",
            "newCasesByPublishDate": 0,
            "cumCasesByPublishDate": null,
            "newDeathsByDeathDate": null,
            "cumDeathsByDeathDate": null
        },
        {
            "date": "2020-01-03",
            "areaName": "England",
            "areaCode": "E92000001",
            "newCasesByPublishDate": 0,
            "cumCasesByPublishDate": null,
            "newDeathsByDeathDate": null,
            "cumDeathsByDeathDate": null
        }
    ]