{
    "id": "00u1deo3bwREiofU15d6",
    "status": "ACTIVE",
    "created": "2020-11-26T03:34:22.000Z",
    "activated": null,
    "statusChanged": "2020-11-26T03:36:26.000Z",
    "lastLogin": "2020-11-27T06:41:42.000Z",
    "lastUpdated": "2020-11-26T03:36:26.000Z",
    "passwordChanged": "2020-11-26T03:36:26.000Z",
    "type": {
        "id": "oty1deo07mJai2ulD5d6"
    },
    "profile": {
        "firstName": "NJC",
        "lastName": "Labs",
        "mobilePhone": null,
        "secondEmail": null,
        "login": "njclabs.demo@gmail.com",
        "email": "njclabs.demo@gmail.com"
    },
    "credentials": {
        "password": {},
        "emails": [
            {
                "value": "njclabs.demo@gmail.com",
                "status": "VERIFIED",
                "type": "PRIMARY"
            }
        ],
        "provider": {
            "type": "OKTA",
            "name": "OKTA"
        }
    },
    "_links": {
        "suspend": {
            "href": "https://dev-6077134.okta.com/api/v1/users/00u1deo3bwREiofU15d6/lifecycle/suspend",
            "method": "POST"
        },
        "schema": {
            "href": "https://dev-6077134.okta.com/api/v1/meta/schemas/user/osc1deo07mJai2ulD5d6"
        },
        "resetPassword": {
            "href": "https://dev-6077134.okta.com/api/v1/users/00u1deo3bwREiofU15d6/lifecycle/reset_password",
            "method": "POST"
        },
        "forgotPassword": {
            "href": "https://dev-6077134.okta.com/api/v1/users/00u1deo3bwREiofU15d6/credentials/forgot_password",
            "method": "POST"
        },
        "expirePassword": {
            "href": "https://dev-6077134.okta.com/api/v1/users/00u1deo3bwREiofU15d6/lifecycle/expire_password",
            "method": "POST"
        },
        "changeRecoveryQuestion": {
            "href": "https://dev-6077134.okta.com/api/v1/users/00u1deo3bwREiofU15d6/credentials/change_recovery_question",
            "method": "POST"
        },
        "self": {
            "href": "https://dev-6077134.okta.com/api/v1/users/00u1deo3bwREiofU15d6"
        },
        "type": {
            "href": "https://dev-6077134.okta.com/api/v1/meta/types/user/oty1deo07mJai2ulD5d6"
        },
        "changePassword": {
            "href": "https://dev-6077134.okta.com/api/v1/users/00u1deo3bwREiofU15d6/credentials/change_password",
            "method": "POST"
        },
        "deactivate": {
            "href": "https://dev-6077134.okta.com/api/v1/users/00u1deo3bwREiofU15d6/lifecycle/deactivate",
            "method": "POST"
        }
    }
}