{"type":"FeatureCollection","features":[{"type":"Feature","geometry":{"type":"Point","coordinates":[-0.099076,51.509648]},"properties":{"name":"London","country":"United Kingdom","datasource":{"sourcename":"whosonfirst","url":"https://www.whosonfirst.org/docs/licenses/"},"country_code":"gb","state":"Greater London","city":"London","lon":-0.099076,"lat":51.509648,"formatted":"London, United Kingdom","address_line1":"London","address_line2":"United Kingdom","result_type":"city","rank":{"popularity":8.988490181891963,"confidence":1,"match_type":"full_match"},"place_id":"51f488d1730b5db9bf59643c4a253cc14940"},"bbox":[-0.510375,51.28676,0.334016,51.691874]},{"type":"Feature","geometry":{"type":"Point","coordinates":[-0.089878,51.513263]},"properties":{"name":"City of London","country":"United Kingdom","datasource":{"sourcename":"whosonfirst","url":"https://www.whosonfirst.org/docs/licenses/"},"country_code":"gb","state":"Greater London","city":"London","district":"City of London","lon":-0.089878,"lat":51.513263,"formatted":"City of London, London, United Kingdom","address_line1":"City of London","address_line2":"London, United Kingdom","result_type":"district","rank":{"popularity":8.988490181891963,"confidence":1,"match_type":"full_match"},"place_id":"515740a19e3e02b7bf59999f1b9ab2c14940"},"bbox":[-0.113821,51.507789,-0.072749,51.523321]}],"bbox":[-0.510375,51.28676,0.334016,51.691874],"query":{"text":"london","parsed":{"city":"london","expected_type":"city"}}}