{"type":"FeatureCollection","features":[{"type":"Feature","properties":{"name":"Oliver Heywood","street":"Cross Lane","suburb":"Pendleton","city":"Salford","county":"Greater Manchester","state_district":"North West England","state":"England","postcode":"M5 4AE","country":"United Kingdom","country_code":"gb","lon":-2.277134,"lat":53.4856,"formatted":"Oliver Heywood, Cross Lane, Salford M5 4AE, United Kingdom","address_line1":"Oliver Heywood","address_line2":"Cross Lane, Salford M5 4AE, United Kingdom","categories":["tourism","tourism.attraction","tourism.attraction.artwork","wheelchair","wheelchair.yes"],"details":["details.artwork","details.facilities"],"datasource":{"sourcename":"openstreetmap","attribution":"© OpenStreetMap contributors","license":"Open Database Licence","url":"https://www.openstreetmap.org/copyright"},"distance":122,"place_id":"5197e0d407923702c0593193092428be4a40f00103f901360f51a500000000"},"geometry":{"type":"Point","coordinates":[-2.2771339999999998,53.485599999118115]}},{"type":"Feature","properties":{"street":"Caxton Way","suburb":"Pendleton","city":"Salford","county":"Greater Manchester","state_district":"North West England","state":"England","postcode":"M5 4BN","country":"United Kingdom","country_code":"gb","lon":-2.2778921,"lat":53.4849074,"formatted":"Caxton Way, Salford M5 4BN, United Kingdom","address_line1":"Caxton Way","address_line2":"Salford M5 4BN, United Kingdom","categories":["catering","catering.restaurant"],"details":[],"datasource":{"sourcename":"openstreetmap","attribution":"© OpenStreetMap contributors","license":"Open Database Licence","url":"https://www.openstreetmap.org/copyright"},"distance":212,"place_id":"51b9884a7e1f3902c0597666167211be4a40f00103f901e6eff3c900000000"},"geometry":{"type":"Point","coordinates":[-2.2778920999999994,53.48490739911806]}},{"type":"Feature","properties":{"street":"Cranesbill Close","suburb":"Pendleton","city":"Salford","county":"Greater Manchester","state_district":"North West England","state":"England","postcode":"M7 1RG","country":"United Kingdom","country_code":"gb","lon":-2.270157,"lat":53.4874651,"formatted":"Cranesbill Close, Salford M7 1RG, United Kingdom","address_line1":"Cranesbill Close","address_line2":"Salford M7 1RG, United Kingdom","categories":["tourism","tourism.attraction","tourism.attraction.artwork"],"details":["details.artwork"],"datasource":{"sourcename":"openstreetmap","attribution":"© OpenStreetMap contributors","license":"Open Database Licence","url":"https://www.openstreetmap.org/copyright"},"distance":394,"place_id":"51a648be12482902c059c753a14165be4a40f00103f901c8574fa500000000"},"geometry":{"type":"Point","coordinates":[-2.270157,53.4874650991183]}},{"type":"Feature","properties":{"name":"Aldi","street":"Heywood Way","suburb":"Pendleton","city":"Salford","county":"Greater Manchester","state_district":"North West England","state":"England","postcode":"M6 5UJ","country":"United Kingdom","country_code":"gb","lon":-2.288025778184962,"lat":53.48759965,"formatted":"Aldi, Heywood Way, Salford M6 5UJ, United Kingdom","address_line1":"Aldi","address_line2":"Heywood Way, Salford M6 5UJ, United Kingdom","categories":["building","building.commercial","commercial","commercial.supermarket"],"details":["details"],"datasource":{"sourcename":"openstreetmap","attribution":"© OpenStreetMap contributors","license":"Open Database Licence","url":"https://www.openstreetmap.org/copyright"},"distance":802,"place_id":"51fabbbb02e24d02c05947ac725f69be4a40f00102f901ce12632f00000000"},"geometry":{"type":"Point","coordinates":[-2.2880287374059636,53.48759072398439]}},{"type":"Feature","properties":{"name":"Heron Foods","street":"Heywood Way","suburb":"Pendleton","city":"Salford","county":"Greater Manchester","state_district":"North West England","state":"England","postcode":"M6 5HW","country":"United Kingdom","country_code":"gb","lon":-2.2883952,"lat":53.48837,"formatted":"Heron Foods, Heywood Way, Salford M6 5HW, United Kingdom","address_line1":"Heron Foods","address_line2":"Heywood Way, Salford M6 5HW, United Kingdom","categories":["commercial","commercial.supermarket"],"details":["details"],"datasource":{"sourcename":"openstreetmap","attribution":"© OpenStreetMap contributors","license":"Open Database Licence","url":"https://www.openstreetmap.org/copyright"},"distance":868,"place_id":"5147968224a24e02c059cf477be882be4a40f00103f901258a206301000000"},"geometry":{"type":"Point","coordinates":[-2.2883951999999996,53.48836999911838]}},{"type":"Feature","properties":{"name":"Chung's Chippy","street":"Barrow Street","suburb":"Pendleton","city":"Salford","county":"Greater Manchester","state_district":"North West England","state":"England","postcode":"M5 4NE","country":"United Kingdom","country_code":"gb","lon":-2.264128228317149,"lat":53.482603600000004,"formatted":"Chung's Chippy, Barrow Street, Salford M5 4NE, United Kingdom","address_line1":"Chung's Chippy","address_line2":"Barrow Street, Salford M5 4NE, United Kingdom","categories":["building","building.catering","catering","catering.restaurant"],"details":["details.catering"],"datasource":{"sourcename":"openstreetmap","attribution":"© OpenStreetMap contributors","license":"Open Database Licence","url":"https://www.openstreetmap.org/copyright"},"distance":871,"place_id":"517cc18c23ee1c02c059803c16e2c5bd4a40f00102f901876f8b1200000000"},"geometry":{"type":"Point","coordinates":[-2.264126088841463,53.48260141454466]}},{"type":"Feature","properties":{"name":"Costcutter","street":"Barrow Street","suburb":"Pendleton","city":"Salford","county":"Greater Manchester","state_district":"North West England","state":"England","postcode":"M3 5JT","country":"United Kingdom","country_code":"gb","lon":-2.2638326,"lat":53.4828951,"formatted":"Costcutter, Barrow Street, Salford M3 5JT, United Kingdom","address_line1":"Costcutter","address_line2":"Barrow Street, Salford M3 5JT, United Kingdom","categories":["commercial","commercial.supermarket"],"details":[],"datasource":{"sourcename":"openstreetmap","attribution":"© OpenStreetMap contributors","license":"Open Database Licence","url":"https://www.openstreetmap.org/copyright"},"distance":881,"place_id":"51fef22444541c02c059100eb181cfbd4a40f00103f9010fc3890801000000"},"geometry":{"type":"Point","coordinates":[-2.2638325999999998,53.482895099117854]}},{"type":"Feature","properties":{"name":"Vero Moderno","street":"Chapel Street","suburb":"Pendleton","city":"Salford","county":"Greater Manchester","state_district":"North West England","state":"England","postcode":"M3 5JF","country":"United Kingdom","country_code":"gb","lon":-2.2632522,"lat":53.4831331,"formatted":"Vero Moderno, Chapel Street, Salford M3 5JF, United Kingdom","address_line1":"Vero Moderno","address_line2":"Chapel Street, Salford M3 5JF, United Kingdom","categories":["catering","catering.restaurant"],"details":["details.catering"],"datasource":{"sourcename":"openstreetmap","attribution":"© OpenStreetMap contributors","license":"Open Database Licence","url":"https://www.openstreetmap.org/copyright"},"distance":905,"place_id":"51e7cc2cf8231b02c059c7292e4ed7bd4a40f00103f901a9f6571e01000000"},"geometry":{"type":"Point","coordinates":[-2.2632521999999997,53.48313309911787]}},{"type":"Feature","properties":{"name":"By St Philip's Church, Salford","street":"St Philip's Square","suburb":"Pendleton","city":"Salford","county":"Greater Manchester","state_district":"North West England","state":"England","postcode":"M3 6FR","country":"United Kingdom","country_code":"gb","lon":-2.2626552,"lat":53.4840101,"formatted":"By St Philip's Church, Salford, St Philip's Square, Salford M3 6FR, United Kingdom","address_line1":"By St Philip's Church, Salford","address_line2":"St Philip's Square, Salford M3 6FR, United Kingdom","categories":["tourism","tourism.attraction","tourism.attraction.artwork"],"details":["details.artwork"],"datasource":{"sourcename":"openstreetmap","attribution":"© OpenStreetMap contributors","license":"Open Database Licence","url":"https://www.openstreetmap.org/copyright"},"distance":909,"place_id":"51a6fe30f8ea1902c0599d52fd0af4bd4a40f00103f90154a3145901000000"},"geometry":{"type":"Point","coordinates":[-2.2626552,53.484010099117974]}},{"type":"Feature","properties":{"name":"Tesco Extra","street":"Pendleton Way","suburb":"Pendleton","city":"Salford","county":"Greater Manchester","state_district":"North West England","state":"England","postcode":"M6 5JG","country":"United Kingdom","country_code":"gb","lon":-2.290095091343723,"lat":53.489686899999995,"formatted":"Tesco Extra, Pendleton Way, Salford M6 5JG, United Kingdom","address_line1":"Tesco Extra","address_line2":"Pendleton Way, Salford M6 5JG, United Kingdom","categories":["building","building.commercial","commercial","commercial.supermarket"],"details":[],"datasource":{"sourcename":"openstreetmap","attribution":"© OpenStreetMap contributors","license":"Open Database Licence","url":"https://www.openstreetmap.org/copyright"},"distance":948,"place_id":"5120d9725f1d5202c059e410b10faebe4a40f00102f90181e42d0c00000000"},"geometry":{"type":"Point","coordinates":[-2.290095086758029,53.489686929185865]}},{"type":"Feature","properties":{"name":"The Co-operative Food","street":"Islington Way","suburb":"Pendleton","city":"Salford","county":"Greater Manchester","state_district":"North West England","state":"England","postcode":"M3 5JH","country":"United Kingdom","country_code":"gb","lon":-2.2623789,"lat":53.4831433,"formatted":"The Co-operative Food, Islington Way, Salford M3 5JH, United Kingdom","address_line1":"The Co-operative Food","address_line2":"Islington Way, Salford M3 5JH, United Kingdom","categories":["commercial","commercial.supermarket"],"details":[],"datasource":{"sourcename":"openstreetmap","attribution":"© OpenStreetMap contributors","license":"Open Database Licence","url":"https://www.openstreetmap.org/copyright"},"distance":958,"place_id":"519c48d51b5a1902c059167fbea3d7bd4a40f00103f901a8f6571e01000000"},"geometry":{"type":"Point","coordinates":[-2.2623789,53.483143299117884]}},{"type":"Feature","properties":{"name":"Lidl","housenumber":"68","street":"Fitzwarren Street","suburb":"Pendleton","city":"Salford","county":"Greater Manchester","state_district":"North West England","state":"England","postcode":"M6 5JE","country":"United Kingdom","country_code":"gb","lon":-2.2911370558612822,"lat":53.48682275,"formatted":"Lidl, 68 Fitzwarren Street, Salford M6 5JE, United Kingdom","address_line1":"Lidl","address_line2":"68 Fitzwarren Street, Salford M6 5JE, United Kingdom","categories":["building","building.commercial","commercial","commercial.supermarket"],"details":[],"datasource":{"sourcename":"openstreetmap","attribution":"© OpenStreetMap contributors","license":"Open Database Licence","url":"https://www.openstreetmap.org/copyright"},"distance":996,"place_id":"51c95373e02f5402c05988b45db050be4a40f00102f9017582fc0e00000000"},"geometry":{"type":"Point","coordinates":[-2.2911069426722617,53.486837430719845]}},{"type":"Feature","properties":{"name":"The Tree of Knowledge","street":"London Street","suburb":"Pendleton","city":"Salford","county":"Greater Manchester","state_district":"North West England","state":"England","postcode":"M6 6SR","country":"United Kingdom","country_code":"gb","lon":-2.2764995,"lat":53.495371,"formatted":"The Tree of Knowledge, London Street, Salford M6 6SR, United Kingdom","address_line1":"The Tree of Knowledge","address_line2":"London Street, Salford M6 6SR, United Kingdom","categories":["tourism","tourism.attraction","tourism.attraction.artwork"],"details":["details.artwork","details.wiki_and_media"],"datasource":{"sourcename":"openstreetmap","attribution":"© OpenStreetMap contributors","license":"Open Database Licence","url":"https://www.openstreetmap.org/copyright"},"distance":1007,"place_id":"5100e2ae5e453602c059354d205168bf4a40f00103f901fccde20b01000000"},"geometry":{"type":"Point","coordinates":[-2.2764995,53.495370999119054]}},{"type":"Feature","properties":{"name":"Value Choice","housenumber":"95","street":"Eccles New Road","suburb":"Salford Quays","city":"Salford","county":"Greater Manchester","state_district":"North West England","state":"England","postcode":"M5 4RX","country":"United Kingdom","country_code":"gb","lon":-2.2867844,"lat":53.4794113,"formatted":"Value Choice, 95 Eccles New Road, Salford M5 4RX, United Kingdom","address_line1":"Value Choice","address_line2":"95 Eccles New Road, Salford M5 4RX, United Kingdom","categories":["commercial","commercial.supermarket"],"details":[],"datasource":{"sourcename":"openstreetmap","attribution":"© OpenStreetMap contributors","license":"Open Database Licence","url":"https://www.openstreetmap.org/copyright"},"distance":1062,"place_id":"511c06989e554b02c059788575595dbd4a40f00103f90134bda6b801000000"},"geometry":{"type":"Point","coordinates":[-2.2867844,53.479411299117544]}},{"type":"Feature","properties":{"name":"Sainsbury's","housenumber":"100","street":"Regent Road","suburb":"Pendleton","city":"Salford","county":"Greater Manchester","state_district":"North West England","state":"England","postcode":"M5 4QU","country":"United Kingdom","country_code":"gb","lon":-2.2680123308867417,"lat":53.47691895,"formatted":"Sainsbury's, 100 Regent Road, Salford M5 4QU, United Kingdom","address_line1":"Sainsbury's","address_line2":"100 Regent Road, Salford M5 4QU, United Kingdom","categories":["building","building.commercial","commercial","commercial.supermarket"],"details":["details"],"datasource":{"sourcename":"openstreetmap","attribution":"© OpenStreetMap contributors","license":"Open Database Licence","url":"https://www.openstreetmap.org/copyright"},"distance":1103,"place_id":"5130a599cfc22402c059d502d3920ebd4a40f00102f9015267b20a00000000"},"geometry":{"type":"Point","coordinates":[-2.267949697376615,53.47700724890971]}},{"type":"Feature","properties":{"name":"Heron Foods","street":"Mocha Parade","suburb":"Higher Broughton","city":"Salford","county":"Greater Manchester","state_district":"North West England","state":"England","postcode":"M7 1QE","country":"United Kingdom","country_code":"gb","lon":-2.2613088,"lat":53.4916554,"formatted":"Heron Foods, Mocha Parade, Salford M7 1QE, United Kingdom","address_line1":"Heron Foods","address_line2":"Mocha Parade, Salford M7 1QE, United Kingdom","categories":["commercial","commercial.supermarket"],"details":["details"],"datasource":{"sourcename":"openstreetmap","attribution":"© OpenStreetMap contributors","license":"Open Database Licence","url":"https://www.openstreetmap.org/copyright"},"distance":1128,"place_id":"518c417111291702c059ec0e6a90eebe4a40f00103f90183217af300000000"},"geometry":{"type":"Point","coordinates":[-2.2613088,53.491655399118684]}},{"type":"Feature","properties":{"name":"Co-op Food","housenumber":"Unit 1","street":"Lockside Lane","suburb":"Pendleton","city":"Salford","county":"Greater Manchester","state_district":"North West England","state":"England","postcode":"M5 4YP","country":"United Kingdom","country_code":"gb","lon":-2.2624371,"lat":53.479441,"formatted":"Co-Operative Food, Unit 1 Lockside Lane, Salford M5 4YP, United Kingdom","address_line1":"Co-Operative Food","address_line2":"Unit 1 Lockside Lane, Salford M5 4YP, United Kingdom","categories":["commercial","commercial.supermarket"],"details":["details"],"datasource":{"sourcename":"openstreetmap","attribution":"© OpenStreetMap contributors","license":"Open Database Licence","url":"https://www.openstreetmap.org/copyright"},"distance":1177,"place_id":"5176622019bc1902c059e3617d1e59bd4a40f00103f901cd21b4a601000000"},"geometry":{"type":"Point","coordinates":[-2.2625658,53.47928219911753]}},{"type":"Feature","properties":{"name":"Food Cycle Salford Langworthy","housenumber":"451","street":"Liverpool Street","suburb":"Pendleton","city":"Salford","county":"Greater Manchester","state_district":"North West England","state":"England","postcode":"M6 5QQ","country":"United Kingdom","country_code":"gb","lon":-2.2941913,"lat":53.4836638,"formatted":"Food Cycle Salford Langworthy, 451 Liverpool Street, Salford M6 5QQ, United Kingdom","address_line1":"Food Cycle Salford Langworthy","address_line2":"451 Liverpool Street, Salford M6 5QQ, United Kingdom","categories":["catering","catering.restaurant","wheelchair","wheelchair.yes"],"details":["details","details.catering","details.contact","details.facilities"],"datasource":{"sourcename":"openstreetmap","attribution":"© OpenStreetMap contributors","license":"Open Database Licence","url":"https://www.openstreetmap.org/copyright"},"distance":1258,"place_id":"514d24e2f7805a02c0593cbc03b2e8bd4a40f00103f90104bd32bb01000000"},"geometry":{"type":"Point","coordinates":[-2.2941913,53.48366379911792]}},{"type":"Feature","properties":{"name":"Scene","street":"Water Street","neighbourhood":"Spinningfields","suburb":"City Centre","city":"Manchester","county":"Greater Manchester","state_district":"North West England","state":"England","postcode":"M3 3AJ","country":"United Kingdom","country_code":"gb","lon":-2.2549507,"lat":53.4805905,"formatted":"Scene, Water Street, Manchester M3 3AJ, United Kingdom","address_line1":"Scene","address_line2":"Water Street, Manchester M3 3AJ, United Kingdom","categories":["catering","catering.restaurant"],"details":["details.catering"],"datasource":{"sourcename":"openstreetmap","attribution":"© OpenStreetMap contributors","license":"Open Database Licence","url":"https://www.openstreetmap.org/copyright"},"distance":1523,"place_id":"510dbdb497230a02c059403d4efd83bd4a40f00103f901856b754401000000"},"geometry":{"type":"Point","coordinates":[-2.2549507000000006,53.480590499117625]}},{"type":"Feature","properties":{"street":"Anchorage Quay","suburb":"Salford Quays","city":"Salford","county":"Greater Manchester","state_district":"North West England","state":"England","postcode":"M50 3YL","country":"United Kingdom","country_code":"gb","lon":-2.286701,"lat":53.474242,"formatted":"Anchorage Quay, Salford M50 3YL, United Kingdom","address_line1":"Anchorage Quay","address_line2":"Salford M50 3YL, United Kingdom","categories":["tourism","tourism.attraction","tourism.attraction.artwork"],"details":["details.artwork"],"datasource":{"sourcename":"openstreetmap","attribution":"© OpenStreetMap contributors","license":"Open Database Licence","url":"https://www.openstreetmap.org/copyright"},"distance":1529,"place_id":"510ed8d5e4294b02c059764c3af6b3bc4a40f00103f9014555621a00000000"},"geometry":{"type":"Point","coordinates":[-2.286701,53.47424199911704]}}]}