{
    "request_time": "2020-11-27T09:18:43+00:00",
    "source": "TfL journey planning API",
    "acknowledgements": "Transport for London",
    "routes": [
        {
            "duration": "07:10:00",
            "route_parts": [
                {
                    "mode": "foot",
                    "from_point_name": "St Pancras International",
                    "from_point": {
                        "place": null
                    },
                    "to_point_name": "Euston Station",
                    "to_point": {
                        "place": null
                    },
                    "destination": "",
                    "destination_point": {
                        "place": null
                    },
                    "line_name": "",
                    "duration": "00:15:00",
                    "departure_time": "13:08",
                    "arrival_time": "13:23",
                    "coordinates": [
                        [
                            -0.12513,
                            51.52942
                        ],
                        [
                            -0.12522,
                            51.52949
                        ],
                        [
                            -0.12558,
                            51.52935
                        ],
                        [
                            -0.12566,
                            51.52932
                        ],
                        [
                            -0.12577,
                            51.52928
                        ],
                        [
                            -0.12621,
                            51.52909
                        ],
                        [
                            -0.12723,
                            51.52871
                        ],
                        [
                            -0.1275,
                            51.5286
                        ],
                        [
                            -0.12791,
                            51.52842
                        ],
                        [
                            -0.12854,
                            51.52817
                        ],
                        [
                            -0.12912,
                            51.52795
                        ],
                        [
                            -0.12959,
                            51.52776
                        ],
                        [
                            -0.13015,
                            51.52828
                        ],
                        [
                            -0.13135,
                            51.52788
                        ],
                        [
                            -0.13142,
                            51.52793
                        ],
                        [
                            -0.13165,
                            51.52813
                        ],
                        [
                            -0.1319,
                            51.52836
                        ],
                        [
                            -0.13201,
                            51.5283
                        ],
                        [
                            -0.13324,
                            51.52777
                        ],
                        [
                            -0.13365,
                            51.52814
                        ],
                        [
                            -0.1336,
                            51.52761
                        ],
                        [
                            -0.135,
                            51.52895
                        ]
                    ]
                },
                {
                    "mode": "train",
                    "from_point_name": "London Euston",
                    "from_point": {
                        "place": {
                            "type": "train_station",
                            "name": "London Euston",
                            "latitude": 51.528135,
                            "longitude": -0.133924,
                            "accuracy": 100,
                            "station_code": "EUS",
                            "tiploc_code": "EUSTON"
                        }
                    },
                    "to_point_name": "Birmingham New Street",
                    "to_point": {
                        "place": {
                            "type": "train_station",
                            "name": "Birmingham New Street",
                            "latitude": 52.477817,
                            "longitude": -1.900205,
                            "accuracy": 100,
                            "station_code": "BHM",
                            "tiploc_code": "BHAMNWS"
                        }
                    },
                    "destination": "Birmingham New Street",
                    "destination_point": {
                        "place": {
                            "type": "train_station",
                            "name": "Birmingham New Street",
                            "latitude": 52.477817,
                            "longitude": -1.900205,
                            "accuracy": 100,
                            "station_code": "BHM",
                            "tiploc_code": "BHAMNWS"
                        }
                    },
                    "line_name": "31097",
                    "duration": "01:22:00",
                    "departure_time": "13:23",
                    "arrival_time": "14:45",
                    "coordinates": [
                        [
                            -0.135,
                            51.52895
                        ],
                        [
                            -0.13607,
                            51.52996
                        ],
                        [
                            -0.13656,
                            51.53029
                        ],
                        [
                            -0.13754,
                            51.53077
                        ],
                        [
                            -0.13901,
                            51.53145
                        ],
                        [
                            -0.14038,
                            51.53212
                        ],
                        [
                            -0.14142,
                            51.53273
                        ],
                        [
                            -0.14247,
                            51.53349
                        ],
                        [
                            -0.14391,
                            51.53471
                        ],
                        [
                            -0.14426,
                            51.5352
                        ],
                        [
                            -0.14486,
                            51.53571
                        ],
                        [
                            -0.1495,
                            51.54005
                        ],
                        [
                            -0.15108,
                            51.54138
                        ],
                        [
                            -0.15168,
                            51.54179
                        ],
                        [
                            -0.15243,
                            51.54214
                        ],
                        [
                            -0.15324,
                            51.54248
                        ],
                        [
                            -0.15424,
                            51.54276
                        ],
                        [
                            -0.1559,
                            51.54304
                        ],
                        [
                            -0.15955,
                            51.54331
                        ],
                        [
                            -0.16141,
                            51.54341
                        ],
                        [
                            -0.16234,
                            51.54339
                        ],
                        [
                            -0.16341,
                            51.54337
                        ],
                        [
                            -0.16469,
                            51.54328
                        ],
                        [
                            -0.16632,
                            51.54308
                        ],
                        [
                            -0.16786,
                            51.54289
                        ],
                        [
                            -0.17001,
                            51.54258
                        ],
                        [
                            -0.17102,
                            51.54243
                        ],
                        [
                            -0.17354,
                            51.54212
                        ],
                        [
                            -0.17521,
                            51.54195
                        ],
                        [
                            -0.17677,
                            51.54177
                        ],
                        [
                            -0.17931,
                            51.54141
                        ],
                        [
                            -0.18225,
                            51.54086
                        ],
                        [
                            -0.18467,
                            51.54021
                        ],
                        [
                            -0.18602,
                            51.53983
                        ],
                        [
                            -0.18706,
                            51.53949
                        ],
                        [
                            -0.18838,
                            51.539
                        ],
                        [
                            -0.19261,
                            51.53726
                        ],
                        [
                            -0.19469,
                            51.53644
                        ],
                        [
                            -0.19658,
                            51.53587
                        ],
                        [
                            -0.19764,
                            51.53559
                        ],
                        [
                            -0.20154,
                            51.53475
                        ],
                        [
                            -0.20313,
                            51.53447
                        ],
                        [
                            -0.2045,
                            51.53421
                        ],
                        [
                            -0.20903,
                            51.53343
                        ],
                        [
                            -0.21116,
                            51.53303
                        ],
                        [
                            -0.21727,
                            51.53173
                        ],
                        [
                            -0.2196,
                            51.53122
                        ],
                        [
                            -0.2213,
                            51.5309
                        ],
                        [
                            -0.22241,
                            51.53073
                        ],
                        [
                            -0.22497,
                            51.53052
                        ],
                        [
                            -0.22848,
                            51.53035
                        ],
                        [
                            -0.22931,
                            51.5303
                        ],
                        [
                            -0.23111,
                            51.53021
                        ],
                        [
                            -0.23356,
                            51.53024
                        ],
                        [
                            -0.23483,
                            51.53028
                        ],
                        [
                            -0.23506,
                            51.53029
                        ],
                        [
                            -0.23714,
                            51.53044
                        ],
                        [
                            -0.24099,
                            51.53101
                        ],
                        [
                            -0.24332,
                            51.53149
                        ],
                        [
                            -0.24683,
                            51.53232
                        ],
                        [
                            -0.2489,
                            51.53284
                        ],
                        [
                            -0.25453,
                            51.53461
                        ],
                        [
                            -0.25674,
                            51.53534
                        ],
                        [
                            -0.25957,
                            51.53629
                        ],
                        [
                            -0.26664,
                            51.5386
                        ],
                        [
                            -0.27699,
                            51.54195
                        ],
                        [
                            -0.28247,
                            51.54379
                        ],
                        [
                            -0.28388,
                            51.54434
                        ],
                        [
                            -0.28716,
                            51.54572
                        ],
                        [
                            -0.29007,
                            51.54725
                        ],
                        [
                            -0.29219,
                            51.54855
                        ],
                        [
                            -0.29364,
                            51.54959
                        ],
                        [
                            -0.29466,
                            51.5504
                        ],
                        [
                            -0.2957,
                            51.55138
                        ],
                        [
                            -0.29682,
                            51.55247
                        ],
                        [
                            -0.29775,
                            51.55343
                        ],
                        [
                            -0.29962,
                            51.55582
                        ],
                        [
                            -0.30149,
                            51.55877
                        ],
                        [
                            -0.30383,
                            51.56292
                        ],
                        [
                            -0.30664,
                            51.56758
                        ],
                        [
                            -0.30874,
                            51.57102
                        ],
                        [
                            -0.31202,
                            51.57652
                        ],
                        [
                            -0.31273,
                            51.5776
                        ],
                        [
                            -0.31402,
                            51.57922
                        ],
                        [
                            -0.3153,
                            51.58054
                        ],
                        [
                            -0.31703,
                            51.58211
                        ],
                        [
                            -0.32051,
                            51.58479
                        ],
                        [
                            -0.32302,
                            51.58639
                        ],
                        [
                            -0.32542,
                            51.5877
                        ],
                        [
                            -0.32978,
                            51.58979
                        ],
                        [
                            -0.33811,
                            51.5938
                        ],
                        [
                            -0.34116,
                            51.59526
                        ],
                        [
                            -0.34507,
                            51.59713
                        ],
                        [
                            -0.35077,
                            51.59974
                        ],
                        [
                            -0.35723,
                            51.60289
                        ],
                        [
                            -0.35956,
                            51.60412
                        ],
                        [
                            -0.36351,
                            51.60633
                        ],
                        [
                            -0.36612,
                            51.60803
                        ],
                        [
                            -0.3715,
                            51.61194
                        ],
                        [
                            -0.3725,
                            51.61275
                        ],
                        [
                            -0.37666,
                            51.61616
                        ],
                        [
                            -0.37862,
                            51.61777
                        ],
                        [
                            -0.37954,
                            51.61857
                        ],
                        [
                            -0.38045,
                            51.61951
                        ],
                        [
                            -0.38196,
                            51.62133
                        ],
                        [
                            -0.38291,
                            51.62294
                        ],
                        [
                            -0.38615,
                            51.62921
                        ],
                        [
                            -0.38659,
                            51.63037
                        ],
                        [
                            -0.38718,
                            51.63248
                        ],
                        [
                            -0.38733,
                            51.63425
                        ],
                        [
                            -0.3873,
                            51.63595
                        ],
                        [
                            -0.38715,
                            51.63768
                        ],
                        [
                            -0.38674,
                            51.6396
                        ],
                        [
                            -0.38577,
                            51.64291
                        ],
                        [
                            -0.38523,
                            51.64472
                        ],
                        [
                            -0.38448,
                            51.64693
                        ],
                        [
                            -0.38436,
                            51.64826
                        ],
                        [
                            -0.38426,
                            51.64989
                        ],
                        [
                            -0.38429,
                            51.6524
                        ],
                        [
                            -0.38449,
                            51.65337
                        ],
                        [
                            -0.38524,
                            51.65463
                        ],
                        [
                            -0.38584,
                            51.65529
                        ],
                        [
                            -0.38677,
                            51.65618
                        ],
                        [
                            -0.38756,
                            51.65684
                        ],
                        [
                            -0.39029,
                            51.65899
                        ],
                        [
                            -0.39141,
                            51.65981
                        ],
                        [
                            -0.39172,
                            51.66004
                        ],
                        [
                            -0.39314,
                            51.66116
                        ],
                        [
                            -0.39375,
                            51.66163
                        ],
                        [
                            -0.39628,
                            51.66362
                        ],
                        [
                            -0.39628,
                            51.66362
                        ],
                        [
                            -0.39682,
                            51.66404
                        ],
                        [
                            -0.39886,
                            51.66565
                        ],
                        [
                            -0.39894,
                            51.66571
                        ],
                        [
                            -0.41182,
                            51.67585
                        ],
                        [
                            -0.41759,
                            51.68038
                        ],
                        [
                            -0.41927,
                            51.68168
                        ],
                        [
                            -0.42167,
                            51.68357
                        ],
                        [
                            -0.42287,
                            51.68451
                        ],
                        [
                            -0.42418,
                            51.68552
                        ],
                        [
                            -0.42552,
                            51.68656
                        ],
                        [
                            -0.42978,
                            51.68978
                        ],
                        [
                            -0.43099,
                            51.69078
                        ],
                        [
                            -0.43226,
                            51.69201
                        ],
                        [
                            -0.43352,
                            51.69331
                        ],
                        [
                            -0.43423,
                            51.69411
                        ],
                        [
                            -0.43471,
                            51.6948
                        ],
                        [
                            -0.43512,
                            51.69588
                        ],
                        [
                            -0.4366,
                            51.70207
                        ],
                        [
                            -0.43726,
                            51.70406
                        ],
                        [
                            -0.4376,
                            51.70515
                        ],
                        [
                            -0.43839,
                            51.70756
                        ],
                        [
                            -0.44063,
                            51.7144
                        ],
                        [
                            -0.44105,
                            51.71535
                        ],
                        [
                            -0.44181,
                            51.71655
                        ],
                        [
                            -0.44256,
                            51.71769
                        ],
                        [
                            -0.44342,
                            51.71875
                        ],
                        [
                            -0.44502,
                            51.72047
                        ],
                        [
                            -0.44797,
                            51.72311
                        ],
                        [
                            -0.44963,
                            51.72431
                        ],
                        [
                            -0.45071,
                            51.72503
                        ],
                        [
                            -0.45423,
                            51.72714
                        ],
                        [
                            -0.45898,
                            51.72998
                        ],
                        [
                            -0.4627,
                            51.73222
                        ],
                        [
                            -0.46633,
                            51.73418
                        ],
                        [
                            -0.46825,
                            51.73513
                        ],
                        [
                            -0.47002,
                            51.73598
                        ],
                        [
                            -0.47177,
                            51.73674
                        ],
                        [
                            -0.47429,
                            51.73768
                        ],
                        [
                            -0.47755,
                            51.73884
                        ],
                        [
                            -0.47883,
                            51.73927
                        ],
                        [
                            -0.48016,
                            51.73968
                        ],
                        [
                            -0.48472,
                            51.74087
                        ],
                        [
                            -0.49332,
                            51.7428
                        ],
                        [
                            -0.49709,
                            51.7436
                        ],
                        [
                            -0.50352,
                            51.74495
                        ],
                        [
                            -0.50516,
                            51.74534
                        ],
                        [
                            -0.51386,
                            51.74756
                        ],
                        [
                            -0.5282,
                            51.7512
                        ],
                        [
                            -0.54013,
                            51.75417
                        ],
                        [
                            -0.54124,
                            51.75444
                        ],
                        [
                            -0.54343,
                            51.75511
                        ],
                        [
                            -0.54615,
                            51.75611
                        ],
                        [
                            -0.54886,
                            51.75726
                        ],
                        [
                            -0.55082,
                            51.75825
                        ],
                        [
                            -0.55231,
                            51.75899
                        ],
                        [
                            -0.55818,
                            51.76206
                        ],
                        [
                            -0.55895,
                            51.76238
                        ],
                        [
                            -0.56121,
                            51.7632
                        ],
                        [
                            -0.5619,
                            51.76338
                        ],
                        [
                            -0.56714,
                            51.76461
                        ],
                        [
                            -0.56951,
                            51.76521
                        ],
                        [
                            -0.57734,
                            51.76736
                        ],
                        [
                            -0.5787,
                            51.76781
                        ],
                        [
                            -0.58003,
                            51.76838
                        ],
                        [
                            -0.58369,
                            51.77017
                        ],
                        [
                            -0.58738,
                            51.77216
                        ],
                        [
                            -0.59812,
                            51.77783
                        ],
                        [
                            -0.60167,
                            51.77966
                        ],
                        [
                            -0.60315,
                            51.78051
                        ],
                        [
                            -0.60456,
                            51.78148
                        ],
                        [
                            -0.60712,
                            51.78349
                        ],
                        [
                            -0.60946,
                            51.78566
                        ],
                        [
                            -0.6113,
                            51.7877
                        ],
                        [
                            -0.61277,
                            51.78968
                        ],
                        [
                            -0.6142,
                            51.79167
                        ],
                        [
                            -0.61679,
                            51.79519
                        ],
                        [
                            -0.61822,
                            51.79678
                        ],
                        [
                            -0.62384,
                            51.80205
                        ],
                        [
                            -0.62552,
                            51.80356
                        ],
                        [
                            -0.63315,
                            51.81007
                        ],
                        [
                            -0.64065,
                            51.81648
                        ],
                        [
                            -0.64451,
                            51.81982
                        ],
                        [
                            -0.64666,
                            51.82205
                        ],
                        [
                            -0.64861,
                            51.82459
                        ],
                        [
                            -0.64986,
                            51.82653
                        ],
                        [
                            -0.65081,
                            51.82847
                        ],
                        [
                            -0.65359,
                            51.83521
                        ],
                        [
                            -0.65682,
                            51.84344
                        ],
                        [
                            -0.65866,
                            51.84834
                        ],
                        [
                            -0.66176,
                            51.85655
                        ],
                        [
                            -0.66969,
                            51.87915
                        ],
                        [
                            -0.67709,
                            51.8992
                        ],
                        [
                            -0.67816,
                            51.9022
                        ],
                        [
                            -0.67843,
                            51.90361
                        ],
                        [
                            -0.67865,
                            51.90646
                        ],
                        [
                            -0.67867,
                            51.90855
                        ],
                        [
                            -0.67852,
                            51.90998
                        ],
                        [
                            -0.67819,
                            51.91171
                        ],
                        [
                            -0.6772,
                            51.91609
                        ],
                        [
                            -0.67616,
                            51.91933
                        ],
                        [
                            -0.6756,
                            51.92122
                        ],
                        [
                            -0.67556,
                            51.92237
                        ],
                        [
                            -0.67568,
                            51.92304
                        ],
                        [
                            -0.67656,
                            51.92473
                        ],
                        [
                            -0.67744,
                            51.92675
                        ],
                        [
                            -0.67777,
                            51.92746
                        ],
                        [
                            -0.67942,
                            51.93107
                        ],
                        [
                            -0.68008,
                            51.93211
                        ],
                        [
                            -0.68098,
                            51.93318
                        ],
                        [
                            -0.68193,
                            51.93406
                        ],
                        [
                            -0.6828,
                            51.93462
                        ],
                        [
                            -0.68373,
                            51.93508
                        ],
                        [
                            -0.68531,
                            51.93584
                        ],
                        [
                            -0.68677,
                            51.93643
                        ],
                        [
                            -0.68829,
                            51.93693
                        ],
                        [
                            -0.69703,
                            51.93939
                        ],
                        [
                            -0.69896,
                            51.94003
                        ],
                        [
                            -0.70148,
                            51.94094
                        ],
                        [
                            -0.70781,
                            51.94356
                        ],
                        [
                            -0.71049,
                            51.94487
                        ],
                        [
                            -0.71365,
                            51.94662
                        ],
                        [
                            -0.71647,
                            51.94839
                        ],
                        [
                            -0.71865,
                            51.95009
                        ],
                        [
                            -0.71982,
                            51.95118
                        ],
                        [
                            -0.72078,
                            51.95227
                        ],
                        [
                            -0.72427,
                            51.95766
                        ],
                        [
                            -0.72462,
                            51.95821
                        ],
                        [
                            -0.72493,
                            51.95882
                        ],
                        [
                            -0.72556,
                            51.96068
                        ]
                    ]
                },
                {
                    "mode": "train",
                    "from_point_name": "Birmingham New Street",
                    "from_point": {
                        "place": {
                            "type": "train_station",
                            "name": "Birmingham New Street",
                            "latitude": 52.477817,
                            "longitude": -1.900205,
                            "accuracy": 100,
                            "station_code": "BHM",
                            "tiploc_code": "BHAMNWS"
                        }
                    },
                    "to_point_name": "Liskeard",
                    "to_point": {
                        "place": {
                            "type": "train_station",
                            "name": "Liskeard",
                            "latitude": 50.446863,
                            "longitude": -4.469575,
                            "accuracy": 100,
                            "station_code": "LSK",
                            "tiploc_code": "LISKARD"
                        }
                    },
                    "destination": "Penzance",
                    "destination_point": {
                        "place": {
                            "type": "train_station",
                            "name": "Penzance",
                            "latitude": 50.121672,
                            "longitude": -5.532565,
                            "accuracy": 100,
                            "station_code": "PNZ",
                            "tiploc_code": "PENZNCE"
                        }
                    },
                    "line_name": "82970",
                    "duration": "04:04:00",
                    "departure_time": "15:12",
                    "arrival_time": "19:16",
                    "coordinates": [
                        [
                            0.0,
                            0.0
                        ],
                        [
                            0.0,
                            0.0
                        ]
                    ]
                },
                {
                    "mode": "train",
                    "from_point_name": "Liskeard",
                    "from_point": {
                        "place": {
                            "type": "train_station",
                            "name": "Liskeard",
                            "latitude": 50.446863,
                            "longitude": -4.469575,
                            "accuracy": 100,
                            "station_code": "LSK",
                            "tiploc_code": "LISKARD"
                        }
                    },
                    "to_point_name": "Looe",
                    "to_point": {
                        "place": {
                            "type": "train_station",
                            "name": "Looe",
                            "latitude": 50.359224,
                            "longitude": -4.456164,
                            "accuracy": 100,
                            "station_code": "LOO",
                            "tiploc_code": "LOOE"
                        }
                    },
                    "destination": "Looe",
                    "destination_point": {
                        "place": {
                            "type": "train_station",
                            "name": "Looe",
                            "latitude": 50.359224,
                            "longitude": -4.456164,
                            "accuracy": 100,
                            "station_code": "LOO",
                            "tiploc_code": "LOOE"
                        }
                    },
                    "line_name": "69173",
                    "duration": "00:29:00",
                    "departure_time": "19:49",
                    "arrival_time": "20:18",
                    "coordinates": [
                        [
                            0.0,
                            0.0
                        ],
                        [
                            0.0,
                            0.0
                        ]
                    ]
                }
            ],
            "departure_time": "13:08",
            "departure_date": "2020-12-30",
            "arrival_time": "20:18",
            "arrival_date": "2020-12-30"
        }
    ]
}