[
  {
    "trainNumber" : "0845",
    "origin" : "London St Pancras International",
    "destination": "Looe",
    "eta" : "08:30",
    "etd" : "07:30",
    "duration" :  "60"
  },
  {
    "trainNumber" : "0846",
    "origin" : "Waterloo Station",
    "destination": "Paddington",
    "eta" : "08:30",
    "etd" : "07:30",
    "duration" :  "60"
  },
  {
    "trainNumber" : "0847",
    "origin" : "Blackfriars Railway Station",
    "destination": "king's cross station",
    "eta" : "08:30",
    "etd" : "07:30",
    "duration" :  "60"
  }

  ]