{"main":"mytravel-experience-api.raml","name":"myTravel Experience API","classifier":"raml","tags":[],"dependencies":[{"groupId":"cd5bf5d6-a7c5-40f7-a8db-9f1046bbc2fd","assetId":"locations-data-type-library","version":"1.0.4"},{"groupId":"cd5bf5d6-a7c5-40f7-a8db-9f1046bbc2fd","assetId":"mytrains-datatype-library","version":"1.0.10"}],"groupId":"cd5bf5d6-a7c5-40f7-a8db-9f1046bbc2fd","assetId":"mytravel-experience-api","version":"1.0.9","apiVersion":"v1","originalFormatVersion":"1.0","metadata":{"projectId":"654322c8-d609-4205-9915-fc17a5d9ee62","branchId":"master","commitId":"745df808e650ea3cc79198246c2f5f49a0217a24"}}