{"main":"national-rail-system-api.raml","name":"National Rail System API","classifier":"raml","tags":[],"dependencies":[{"groupId":"cd5bf5d6-a7c5-40f7-a8db-9f1046bbc2fd","assetId":"mytrains-datatype-library","version":"1.0.0"}],"groupId":"cd5bf5d6-a7c5-40f7-a8db-9f1046bbc2fd","assetId":"national-rail-system-api","version":"1.0.3","apiVersion":"v1","originalFormatVersion":"1.0","metadata":{"projectId":"95fccfb9-8f3f-4feb-b145-468a0c17b2cd","branchId":"master","commitId":"9d001a8bd0402d1553d2f03f56d6910d7c0ab781"}}